#SampleID	BarcodeSequence	LinkerPrimerSequence	TSRI_Seq_plate	pcr_well_position	sequence_name	mouse_id	cage	time_point	mouse_time	weight	Treatment	Treatment_time_point	Pre_or_Post	Pre_or_Post_Treatment	Pre_or_Post_Treatment_Week	sample_number	experiment	Description
340.T0	TCCCTTGTCTCC	CCGGACTACHVGGGTWTCTAAT	Plate1	A01	806rcbc0	340	A	0	340.T0	14.7	Placebo	Placebo_0	Pre	Pre_Placebo	Pre_Placebo_Week_0	1	12	Placebo_mouse_340.T0
341.T0	ACGAGACTGATT	CCGGACTACHVGGGTWTCTAAT	Plate1	A02	806rcbc1	341	A	0	341.T0	13.6	Placebo	Placebo_0	Pre	Pre_Placebo	Pre_Placebo_Week_0	2	12	Placebo_mouse_341.T0
342.T0	GCTGTACGGATT	CCGGACTACHVGGGTWTCTAAT	Plate1	A03	806rcbc2	342	B	0	342.T0	13.7	Placebo	Placebo_0	Pre	Pre_Placebo	Pre_Placebo_Week_0	3	12	Placebo_mouse_342.T0
344.T0	ATCACCAGGTGT	CCGGACTACHVGGGTWTCTAAT	Plate1	A04	806rcbc3	344	C	0	344.T0	14.3	Placebo	Placebo_0	Pre	Pre_Placebo	Pre_Placebo_Week_0	4	12	Placebo_mouse_344.T0
345.T0	TGGTCAACGATA	CCGGACTACHVGGGTWTCTAAT	Plate1	A05	806rcbc4	345	C	0	345.T0	13.5	Placebo	Placebo_0	Pre	Pre_Placebo	Pre_Placebo_Week_0	5	12	Placebo_mouse_345.T0
347.T0	ATCGCACAGTAA	CCGGACTACHVGGGTWTCTAAT	Plate1	A06	806rcbc5	347	D	0	347.T0	12.4	Placebo	Placebo_0	Pre	Pre_Placebo	Pre_Placebo_Week_0	6	12	Placebo_mouse_347.T0
348.T0	GTCGTGTAGCCT	CCGGACTACHVGGGTWTCTAAT	Plate1	A07	806rcbc6	348	E	0	348.T0	13.6	Placebo	Placebo_0	Pre	Pre_Placebo	Pre_Placebo_Week_0	7	12	Placebo_mouse_348.T0
349.T0	AGCGGAGGTTAG	CCGGACTACHVGGGTWTCTAAT	Plate1	A08	806rcbc7	349	E	0	349.T0	12.5	Placebo	Placebo_0	Pre	Pre_Placebo	Pre_Placebo_Week_0	8	12	Placebo_mouse_349.T0
351.T0	ATCCTTTGGTTC	CCGGACTACHVGGGTWTCTAAT	Plate1	A09	806rcbc8	351	F	0	351.T0	12.8	Letrozole	Letrozole_0	Pre	Pre_Letrozole	Pre_Letrozole_Week_0	9	12	Letrozole_mouse_351.T0
352.T0	TACAGCGCATAC	CCGGACTACHVGGGTWTCTAAT	Plate1	A10	806rcbc9	352	G	0	352.T0	14.5	Letrozole	Letrozole_0	Pre	Pre_Letrozole	Pre_Letrozole_Week_0	10	12	Letrozole_mouse_352.T0
353.T0	ACCGGTATGTAC	CCGGACTACHVGGGTWTCTAAT	Plate1	A11	806rcbc10	353	G	0	353.T0	13	Letrozole	Letrozole_0	Pre	Pre_Letrozole	Pre_Letrozole_Week_0	11	12	Letrozole_mouse_353.T0
355.T0	AATTGTGTCGGA	CCGGACTACHVGGGTWTCTAAT	Plate1	A12	806rcbc11	355	H	0	355.T0	13.7	Letrozole	Letrozole_0	Pre	Pre_Letrozole	Pre_Letrozole_Week_0	12	12	Letrozole_mouse_355.T0
356.T0	TGCATACACTGG	CCGGACTACHVGGGTWTCTAAT	Plate1	B01	806rcbc12	356	I	0	356.T0	14.3	Letrozole	Letrozole_0	Pre	Pre_Letrozole	Pre_Letrozole_Week_0	13	12	Letrozole_mouse_356.T0
359.T0	AGTCGAACGAGG	CCGGACTACHVGGGTWTCTAAT	Plate1	B02	806rcbc13	359	J	0	359.T0	13	Letrozole	Letrozole_0	Pre	Pre_Letrozole	Pre_Letrozole_Week_0	14	12	Letrozole_mouse_359.T0
360.T0	ACCAGTGACTCA	CCGGACTACHVGGGTWTCTAAT	Plate1	B03	806rcbc14	360	K	0	360.T0	13.3	Letrozole	Letrozole_0	Pre	Pre_Letrozole	Pre_Letrozole_Week_0	15	12	Letrozole_mouse_360.T0
361.T0	GAATACCAAGTC	CCGGACTACHVGGGTWTCTAAT	Plate1	B04	806rcbc15	361	K	0	361.T0	12.4	Letrozole	Letrozole_0	Pre	Pre_Letrozole	Pre_Letrozole_Week_0	16	12	Letrozole_mouse_361.T0
340.T1	GTAGATCGTGTA	CCGGACTACHVGGGTWTCTAAT	Plate1	B05	806rcbc16	340	A	1	340.T1	18.2	Placebo	Placebo_1	Pre	Pre_Placebo	Pre_Placebo_Week_1	17	12	Placebo_mouse_340.T1
341.T1	TAACGTGTGTGC	CCGGACTACHVGGGTWTCTAAT	Plate1	B06	806rcbc17	341	A	1	341.T1	18.5	Placebo	Placebo_1	Pre	Pre_Placebo	Pre_Placebo_Week_1	18	12	Placebo_mouse_341.T1
342.T1	CATTATGGCGTG	CCGGACTACHVGGGTWTCTAAT	Plate1	B07	806rcbc18	342	B	1	342.T1	15.8	Placebo	Placebo_1	Pre	Pre_Placebo	Pre_Placebo_Week_1	19	12	Placebo_mouse_342.T1
344.T1	CCAATACGCCTG	CCGGACTACHVGGGTWTCTAAT	Plate1	B08	806rcbc19	344	C	1	344.T1	15.9	Placebo	Placebo_1	Pre	Pre_Placebo	Pre_Placebo_Week_1	20	12	Placebo_mouse_344.T1
345.T1	GATCTGCGATCC	CCGGACTACHVGGGTWTCTAAT	Plate1	B09	806rcbc20	345	C	1	345.T1	17.3	Placebo	Placebo_1	Pre	Pre_Placebo	Pre_Placebo_Week_1	21	12	Placebo_mouse_345.T1
347.T1	CAGCTCATCAGC	CCGGACTACHVGGGTWTCTAAT	Plate1	B10	806rcbc21	347	D	1	347.T1	17.1	Placebo	Placebo_1	Pre	Pre_Placebo	Pre_Placebo_Week_1	22	12	Placebo_mouse_347.T1
348.T1	CAAACAACAGCT	CCGGACTACHVGGGTWTCTAAT	Plate1	B11	806rcbc22	348	E	1	348.T1	17.5	Placebo	Placebo_1	Pre	Pre_Placebo	Pre_Placebo_Week_1	23	12	Placebo_mouse_348.T1
349.T1	GCAACACCATCC	CCGGACTACHVGGGTWTCTAAT	Plate1	B12	806rcbc23	349	E	1	349.T1	16.6	Placebo	Placebo_1	Pre	Pre_Placebo	Pre_Placebo_Week_1	24	12	Placebo_mouse_349.T1
351.T1	GCGATATATCGC	CCGGACTACHVGGGTWTCTAAT	Plate1	C01	806rcbc24	351	F	1	351.T1	17	Letrozole	Letrozole_1	Pre	Pre_Letrozole	Pre_Letrozole_Week_1	25	12	Letrozole_mouse_351.T1
352.T1	CGAGCAATCCTA	CCGGACTACHVGGGTWTCTAAT	Plate1	C02	806rcbc25	352	G	1	352.T1	18.4	Letrozole	Letrozole_1	Pre	Pre_Letrozole	Pre_Letrozole_Week_1	26	12	Letrozole_mouse_352.T1
353.T1	AGTCGTGCACAT	CCGGACTACHVGGGTWTCTAAT	Plate1	C03	806rcbc26	353	G	1	353.T1	17.9	Letrozole	Letrozole_1	Pre	Pre_Letrozole	Pre_Letrozole_Week_1	27	12	Letrozole_mouse_353.T1
355.T1	ACGTATTCGAAG	CCGGACTACHVGGGTWTCTAAT	Plate1	C04	806rcbc228	355	H	1	355.T1	18.1	Letrozole	Letrozole_1	Pre	Pre_Letrozole	Pre_Letrozole_Week_1	28	12	Letrozole_mouse_355.T1
356.T1	CGAGGGAAAGTC	CCGGACTACHVGGGTWTCTAAT	Plate1	C05	806rcbc28	356	I	1	356.T1	16.8	Letrozole	Letrozole_1	Pre	Pre_Letrozole	Pre_Letrozole_Week_1	29	12	Letrozole_mouse_356.T1
359.T1	CAAATTCGGGAT	CCGGACTACHVGGGTWTCTAAT	Plate1	C06	806rcbc29	359	J	1	359.T1	17.2	Letrozole	Letrozole_1	Pre	Pre_Letrozole	Pre_Letrozole_Week_1	30	12	Letrozole_mouse_359.T1
360.T1	AGATTGACCAAC	CCGGACTACHVGGGTWTCTAAT	Plate1	C07	806rcbc30	360	K	1	360.T1	17.9	Letrozole	Letrozole_1	Pre	Pre_Letrozole	Pre_Letrozole_Week_1	31	12	Letrozole_mouse_360.T1
361.T1	AGTTACGAGCTA	CCGGACTACHVGGGTWTCTAAT	Plate1	C08	806rcbc31	361	K	1	361.T1	17.2	Letrozole	Letrozole_1	Pre	Pre_Letrozole	Pre_Letrozole_Week_1	32	12	Letrozole_mouse_361.T1
340.T2	ACCTTACACCTT	CCGGACTACHVGGGTWTCTAAT	Plate1	C09	806rcbc229	340	A	2	340.T2	19.3	Placebo	Placebo_2	Pre	Pre_Placebo	Pre_Placebo_Week_2	33	12	Placebo_mouse_340.T2
341.T2	CAACTCCCGTGA	CCGGACTACHVGGGTWTCTAAT	Plate1	C10	806rcbc33	341	A	2	341.T2	18.8	Placebo	Placebo_2	Pre	Pre_Placebo	Pre_Placebo_Week_2	34	12	Placebo_mouse_341.T2
342.T2	TTGCGTTAGCAG	CCGGACTACHVGGGTWTCTAAT	Plate1	C11	806rcbc34	342	B	2	342.T2	18.2	Placebo	Placebo_2	Pre	Pre_Placebo	Pre_Placebo_Week_2	35	12	Placebo_mouse_342.T2
344.T2	TACGAGCCCTAA	CCGGACTACHVGGGTWTCTAAT	Plate1	C12	806rcbc35	344	C	2	344.T2	17.4	Placebo	Placebo_2	Pre	Pre_Placebo	Pre_Placebo_Week_2	36	12	Placebo_mouse_344.T2
345.T2	CACTACGCTAGA	CCGGACTACHVGGGTWTCTAAT	Plate1	D01	806rcbc36	345	C	2	345.T2	18.7	Placebo	Placebo_2	Pre	Pre_Placebo	Pre_Placebo_Week_2	37	12	Placebo_mouse_345.T2
347.T2	TGCAGTCCTCGA	CCGGACTACHVGGGTWTCTAAT	Plate1	D02	806rcbc37	347	D	2	347.T2	17.7	Placebo	Placebo_2	Pre	Pre_Placebo	Pre_Placebo_Week_2	38	12	Placebo_mouse_347.T2
348.T2	ACCATAGCTCCG	CCGGACTACHVGGGTWTCTAAT	Plate1	D03	806rcbc38	348	E	2	348.T2	18.3	Placebo	Placebo_2	Pre	Pre_Placebo	Pre_Placebo_Week_2	39	12	Placebo_mouse_348.T2
349.T2	TCGACATCTCTT	CCGGACTACHVGGGTWTCTAAT	Plate1	D04	806rcbc39	349	E	2	349.T2	17.6	Placebo	Placebo_2	Pre	Pre_Placebo	Pre_Placebo_Week_2	40	12	Placebo_mouse_349.T2
351.T2	GAACACTTTGGA	CCGGACTACHVGGGTWTCTAAT	Plate1	D05	806rcbc40	351	F	2	351.T2	21.7	Letrozole	Letrozole_2	Pre	Pre_Letrozole	Pre_Letrozole_Week_2	41	12	Letrozole_mouse_351.T2
352.T2	GAGCCATCTGTA	CCGGACTACHVGGGTWTCTAAT	Plate1	D06	806rcbc41	352	G	2	352.T2	22.1	Letrozole	Letrozole_2	Pre	Pre_Letrozole	Pre_Letrozole_Week_2	42	12	Letrozole_mouse_352.T2
353.T2	TTGGGTACACGT	CCGGACTACHVGGGTWTCTAAT	Plate1	D07	806rcbc42	353	G	2	353.T2	20.3	Letrozole	Letrozole_2	Pre	Pre_Letrozole	Pre_Letrozole_Week_2	43	12	Letrozole_mouse_353.T2
355.T2	AAGGCGCTCCTT	CCGGACTACHVGGGTWTCTAAT	Plate1	D08	806rcbc43	355	H	2	355.T2	21.6	Letrozole	Letrozole_2	Pre	Pre_Letrozole	Pre_Letrozole_Week_2	44	12	Letrozole_mouse_355.T2
356.T2	TAATACGGATCG	CCGGACTACHVGGGTWTCTAAT	Plate1	D09	806rcbc44	356	I	2	356.T2	22.2	Letrozole	Letrozole_2	Pre	Pre_Letrozole	Pre_Letrozole_Week_2	45	12	Letrozole_mouse_356.T2
359.T2	TAATCTCGCCGG	CCGGACTACHVGGGTWTCTAAT	Plate1	D10	806rcbc230	359	J	2	359.T2	20	Letrozole	Letrozole_2	Pre	Pre_Letrozole	Pre_Letrozole_Week_2	46	12	Letrozole_mouse_359.T2
360.T2	TGTGAATTCGGA	CCGGACTACHVGGGTWTCTAAT	Plate1	D11	806rcbc46	360	K	2	360.T2	20.3	Letrozole	Letrozole_2	Pre	Pre_Letrozole	Pre_Letrozole_Week_2	47	12	Letrozole_mouse_360.T2
361.T2	CATTCGTGGCGT	CCGGACTACHVGGGTWTCTAAT	Plate1	D12	806rcbc47	361	K	2	361.T2	21.1	Letrozole	Letrozole_2	Pre	Pre_Letrozole	Pre_Letrozole_Week_2	48	12	Letrozole_mouse_361.T2
340.T3	TACTACGTGGCC	CCGGACTACHVGGGTWTCTAAT	Plate1	E01	806rcbc48	340	A	3	340.T3	19.6	Placebo	Placebo_3	Pre	Pre_Placebo	Pre_Placebo_Week_3	49	12	Placebo_mouse_340.T3
341.T3	GGCCAGTTCCTA	CCGGACTACHVGGGTWTCTAAT	Plate1	E02	806rcbc49	341	A	3	341.T3	19.6	Placebo	Placebo_3	Pre	Pre_Placebo	Pre_Placebo_Week_3	50	12	Placebo_mouse_341.T3
342.T3	GATGTTCGCTAG	CCGGACTACHVGGGTWTCTAAT	Plate1	E03	806rcbc50	342	B	3	342.T3	18.6	Placebo	Placebo_3	Pre	Pre_Placebo	Pre_Placebo_Week_3	51	12	Placebo_mouse_342.T3
344.T3	CTATCTCCTGTC	CCGGACTACHVGGGTWTCTAAT	Plate1	E04	806rcbc51	344	C	3	344.T3	18.3	Placebo	Placebo_3	Pre	Pre_Placebo	Pre_Placebo_Week_3	52	12	Placebo_mouse_344.T3
345.T3	ACTCACAGGAAT	CCGGACTACHVGGGTWTCTAAT	Plate1	E05	806rcbc52	345	C	3	345.T3	20.1	Placebo	Placebo_3	Pre	Pre_Placebo	Pre_Placebo_Week_3	53	12	Placebo_mouse_345.T3
347.T3	ATGATGAGCCTC	CCGGACTACHVGGGTWTCTAAT	Plate1	E06	806rcbc53	347	D	3	347.T3	18.8	Placebo	Placebo_3	Pre	Pre_Placebo	Pre_Placebo_Week_3	54	12	Placebo_mouse_347.T3
348.T3	GTCGACAGAGGA	CCGGACTACHVGGGTWTCTAAT	Plate1	E07	806rcbc54	348	E	3	348.T3	19.4	Placebo	Placebo_3	Pre	Pre_Placebo	Pre_Placebo_Week_3	55	12	Placebo_mouse_348.T3
349.T3	TGTCGCAAATAG	CCGGACTACHVGGGTWTCTAAT	Plate1	E08	806rcbc55	349	E	3	349.T3	17.9	Placebo	Placebo_3	Pre	Pre_Placebo	Pre_Placebo_Week_3	56	12	Placebo_mouse_349.T3
351.T3	CATCCCTCTACT	CCGGACTACHVGGGTWTCTAAT	Plate1	E09	806rcbc56	351	F	3	351.T3	24.9	Letrozole	Letrozole_3	Pre	Pre_Letrozole	Pre_Letrozole_Week_3	57	12	Letrozole_mouse_351.T3
352.T3	TATACCGCTGCG	CCGGACTACHVGGGTWTCTAAT	Plate1	E10	806rcbc57	352	G	3	352.T3	25.9	Letrozole	Letrozole_3	Pre	Pre_Letrozole	Pre_Letrozole_Week_3	58	12	Letrozole_mouse_352.T3
353.T3	AGTTGAGGCATT	CCGGACTACHVGGGTWTCTAAT	Plate1	E11	806rcbc58	353	G	3	353.T3	21.5	Letrozole	Letrozole_3	Pre	Pre_Letrozole	Pre_Letrozole_Week_3	59	12	Letrozole_mouse_353.T3
355.T3	ACAATAGACACC	CCGGACTACHVGGGTWTCTAAT	Plate1	E12	806rcbc59	355	H	3	355.T3	25.9	Letrozole	Letrozole_3	Pre	Pre_Letrozole	Pre_Letrozole_Week_3	60	12	Letrozole_mouse_355.T3
356.T3	CGGTCAATTGAC	CCGGACTACHVGGGTWTCTAAT	Plate1	F01	806rcbc60	356	I	3	356.T3	23.7	Letrozole	Letrozole_3	Pre	Pre_Letrozole	Pre_Letrozole_Week_3	61	12	Letrozole_mouse_356.T3
359.T3	AATGCGCGTATA	CCGGACTACHVGGGTWTCTAAT	Plate1	F02	806rcbc224	359	J	3	359.T3	22.6	Letrozole	Letrozole_3	Pre	Pre_Letrozole	Pre_Letrozole_Week_3	62	12	Letrozole_mouse_359.T3
360.T3	CTTGATTCTTGA	CCGGACTACHVGGGTWTCTAAT	Plate1	F03	806rcbc225	360	K	3	360.T3	22.9	Letrozole	Letrozole_3	Pre	Pre_Letrozole	Pre_Letrozole_Week_3	63	12	Letrozole_mouse_360.T3
361.T3	GAAATCTTGAAG	CCGGACTACHVGGGTWTCTAAT	Plate1	F04	806rcbc226	361	K	3	361.T3	24.4	Letrozole	Letrozole_3	Pre	Pre_Letrozole	Pre_Letrozole_Week_3	64	12	Letrozole_mouse_361.T3
340.T4	TCTCTACCACTC	CCGGACTACHVGGGTWTCTAAT	Plate1	F05	806rcbc64	340	A	4	340.T4	20.6	Placebo	Placebo_4	Pre	Pre_Placebo	Pre_Placebo_Week_4	65	12	Placebo_mouse_340.T4
341.T4	GAGATACAGTTC	CCGGACTACHVGGGTWTCTAAT	Plate1	F06	806rcbc227	341	A	4	341.T4	20.2	Placebo	Placebo_4	Pre	Pre_Placebo	Pre_Placebo_Week_4	66	12	Placebo_mouse_341.T4
342.T4	CTCACCTAGGAA	CCGGACTACHVGGGTWTCTAAT	Plate1	F07	806rcbc66	342	B	4	342.T4	20.5	Placebo	Placebo_4	Pre	Pre_Placebo	Pre_Placebo_Week_4	67	12	Placebo_mouse_342.T4
344.T4	GTGTTGTCGTGC	CCGGACTACHVGGGTWTCTAAT	Plate1	F08	806rcbc67	344	C	4	344.T4	19.4	Placebo	Placebo_4	Pre	Pre_Placebo	Pre_Placebo_Week_4	68	12	Placebo_mouse_344.T4
345.T4	CCACAGATCGAT	CCGGACTACHVGGGTWTCTAAT	Plate1	F09	806rcbc68	345	C	4	345.T4	20.2	Placebo	Placebo_4	Pre	Pre_Placebo	Pre_Placebo_Week_4	69	12	Placebo_mouse_345.T4
347.T4	TATCGACACAAG	CCGGACTACHVGGGTWTCTAAT	Plate1	F10	806rcbc69	347	D	4	347.T4	20.3	Placebo	Placebo_4	Pre	Pre_Placebo	Pre_Placebo_Week_4	70	12	Placebo_mouse_347.T4
348.T4	GATTCCGGCTCA	CCGGACTACHVGGGTWTCTAAT	Plate1	F11	806rcbc70	348	E	4	348.T4	20.7	Placebo	Placebo_4	Pre	Pre_Placebo	Pre_Placebo_Week_4	71	12	Placebo_mouse_348.T4
349.T4	CGTAATTGCCGC	CCGGACTACHVGGGTWTCTAAT	Plate1	F12	806rcbc71	349	E	4	349.T4	19.3	Placebo	Placebo_4	Pre	Pre_Placebo	Pre_Placebo_Week_4	72	12	Placebo_mouse_349.T4
351.T4	GGTGACTAGTTC	CCGGACTACHVGGGTWTCTAAT	Plate1	G01	806rcbc72	351	F	4	351.T4	28.1	Letrozole	Letrozole_4	Pre	Pre_Letrozole	Pre_Letrozole_Week_4	73	12	Letrozole_mouse_351.T4
352.T4	ATGGGTTCCGTC	CCGGACTACHVGGGTWTCTAAT	Plate1	G02	806rcbc73	352	G	4	352.T4	29.2	Letrozole	Letrozole_4	Pre	Pre_Letrozole	Pre_Letrozole_Week_4	74	12	Letrozole_mouse_352.T4
353.T4	TAGGCATGCTTG	CCGGACTACHVGGGTWTCTAAT	Plate1	G03	806rcbc74	353	G	4	353.T4	21.8	Letrozole	Letrozole_4	Pre	Pre_Letrozole	Pre_Letrozole_Week_4	75	12	Letrozole_mouse_353.T4
355.T4	AACTAGTTCAGG	CCGGACTACHVGGGTWTCTAAT	Plate1	G04	806rcbc75	355	H	4	355.T4	29.4	Letrozole	Letrozole_4	Pre	Pre_Letrozole	Pre_Letrozole_Week_4	76	12	Letrozole_mouse_355.T4
356.T4	ATTCTGCCGAAG	CCGGACTACHVGGGTWTCTAAT	Plate1	G05	806rcbc76	356	I	4	356.T4	23.8	Letrozole	Letrozole_4	Pre	Pre_Letrozole	Pre_Letrozole_Week_4	77	12	Letrozole_mouse_356.T4
359.T4	AGCATGTCCCGT	CCGGACTACHVGGGTWTCTAAT	Plate1	G06	806rcbc77	359	J	4	359.T4	25.6	Letrozole	Letrozole_4	Pre	Pre_Letrozole	Pre_Letrozole_Week_4	78	12	Letrozole_mouse_359.T4
360.T4	GTACGATATGAC	CCGGACTACHVGGGTWTCTAAT	Plate1	G07	806rcbc78	360	K	4	360.T4	24.5	Letrozole	Letrozole_4	Pre	Pre_Letrozole	Pre_Letrozole_Week_4	79	12	Letrozole_mouse_360.T4
361.T4	GTGGTGGTTTCC	CCGGACTACHVGGGTWTCTAAT	Plate1	G08	806rcbc79	361	K	4	361.T4	26.5	Letrozole	Letrozole_4	Pre	Pre_Letrozole	Pre_Letrozole_Week_4	80	12	Letrozole_mouse_361.T4
340.T5	TAGTATGCGCAA	CCGGACTACHVGGGTWTCTAAT	Plate1	G09	806rcbc80	340	A	5	340.T5	21.1	Placebo	Placebo_5	Pre	Pre_Placebo	Pre_Placebo_Week_5	81	12	Placebo_mouse_340.T5
341.T5	TGCGCTGAATGT	CCGGACTACHVGGGTWTCTAAT	Plate1	G10	806rcbc81	341	A	5	341.T5	20.9	Placebo	Placebo_5	Pre	Pre_Placebo	Pre_Placebo_Week_5	82	12	Placebo_mouse_341.T5
342.T5	ATGGCTGTCAGT	CCGGACTACHVGGGTWTCTAAT	Plate1	G11	806rcbc82	342	B	5	342.T5	21	Placebo	Placebo_5	Pre	Pre_Placebo	Pre_Placebo_Week_5	83	12	Placebo_mouse_342.T5
344.T5	GTTCTCTTCTCG	CCGGACTACHVGGGTWTCTAAT	Plate1	G12	806rcbc83	344	C	5	344.T5	20.3	Placebo	Placebo_5	Pre	Pre_Placebo	Pre_Placebo_Week_5	84	12	Placebo_mouse_344.T5
345.T5	CGTAAGATGCCT	CCGGACTACHVGGGTWTCTAAT	Plate1	H01	806rcbc84	345	C	5	345.T5	21	Placebo	Placebo_5	Pre	Pre_Placebo	Pre_Placebo_Week_5	85	12	Placebo_mouse_345.T5
347.T5	GCGTTCTAGCTG	CCGGACTACHVGGGTWTCTAAT	Plate1	H02	806rcbc85	347	D	5	347.T5	20.9	Placebo	Placebo_5	Pre	Pre_Placebo	Pre_Placebo_Week_5	86	12	Placebo_mouse_347.T5
348.T5	GTTGTTCTGGGA	CCGGACTACHVGGGTWTCTAAT	Plate1	H03	806rcbc86	348	E	5	348.T5	21.1	Placebo	Placebo_5	Pre	Pre_Placebo	Pre_Placebo_Week_5	87	12	Placebo_mouse_348.T5
349.T5	GGACTTCCAGCT	CCGGACTACHVGGGTWTCTAAT	Plate1	H04	806rcbc87	349	E	5	349.T5	20.2	Placebo	Placebo_5	Pre	Pre_Placebo	Pre_Placebo_Week_5	88	12	Placebo_mouse_349.T5
351.T5	CTCACAACCGTG	CCGGACTACHVGGGTWTCTAAT	Plate1	H05	806rcbc88	351	F	5	351.T5	28.5	Letrozole	Letrozole_5	Pre	Pre_Letrozole	Pre_Letrozole_Week_5	89	12	Letrozole_mouse_351.T5
352.T5	CTGCTATTCCTC	CCGGACTACHVGGGTWTCTAAT	Plate1	H06	806rcbc89	352	G	5	352.T5	30	Letrozole	Letrozole_5	Pre	Pre_Letrozole	Pre_Letrozole_Week_5	90	12	Letrozole_mouse_352.T5
353.T5	ATGTCACCGCTG	CCGGACTACHVGGGTWTCTAAT	Plate1	H07	806rcbc90	353	G	5	353.T5	22.2	Letrozole	Letrozole_5	Pre	Pre_Letrozole	Pre_Letrozole_Week_5	91	12	Letrozole_mouse_353.T5
355.T5	TGTAACGCCGAT	CCGGACTACHVGGGTWTCTAAT	Plate1	H08	806rcbc91	355	H	5	355.T5	29.8	Letrozole	Letrozole_5	Pre	Pre_Letrozole	Pre_Letrozole_Week_5	92	12	Letrozole_mouse_355.T5
356.T5	AGGATCAGGGAA	CCGGACTACHVGGGTWTCTAAT	Plate1	H09	806rcbc237	356	I	5	356.T5	23.5	Letrozole	Letrozole_5	Pre	Pre_Letrozole	Pre_Letrozole_Week_5	93	12	Letrozole_mouse_356.T5
359.T5	AATAACTAGGGT	CCGGACTACHVGGGTWTCTAAT	Plate1	H10	806rcbc238	359	J	5	359.T5	25.4	Letrozole	Letrozole_5	Pre	Pre_Letrozole	Pre_Letrozole_Week_5	94	12	Letrozole_mouse_359.T5
360.T5	TATTGCAGCAGC	CCGGACTACHVGGGTWTCTAAT	Plate1	H11	806rcbc239	360	K	5	360.T5	24.3	Letrozole	Letrozole_5	Pre	Pre_Letrozole	Pre_Letrozole_Week_5	95	12	Letrozole_mouse_360.T5
361.T5	TGATGTGCTAAG	CCGGACTACHVGGGTWTCTAAT	Plate1	H12	806rcbc240	361	K	5	361.T5	27.3	Letrozole	Letrozole_5	Pre	Pre_Letrozole	Pre_Letrozole_Week_5	96	12	Letrozole_mouse_361.T5
340.T6	TACCGCTTCTTC	CCGGACTACHVGGGTWTCTAAT	Plate2	A01	806rcbc96	340	A	6	340.T6	22.2	Placebo	Placebo_6	Post	Post_Placebo	Post_Placebo_Week_6	97	12	Placebo_mouse_340.T6
341.T6	TGTGCGATAACA	CCGGACTACHVGGGTWTCTAAT	Plate2	A02	806rcbc97	341	A	6	341.T6	21.3	Placebo	Placebo_6	Post	Post_Placebo	Post_Placebo_Week_6	98	12	Placebo_mouse_341.T6
342.T6	GATTATCGACGA	CCGGACTACHVGGGTWTCTAAT	Plate2	A03	806rcbc98	342	B	6	342.T6	21.2	Placebo	Placebo_6	Post	Post_Placebo	Post_Placebo_Week_6	99	12	Placebo_mouse_342.T6
344.T6	GCCTAGCCCAAT	CCGGACTACHVGGGTWTCTAAT	Plate2	A04	806rcbc99	344	C	6	344.T6	20.9	Placebo	Placebo_6	Post	Post_Placebo	Post_Placebo_Week_6	100	12	Placebo_mouse_344.T6
345.T6	GATGTATGTGGT	CCGGACTACHVGGGTWTCTAAT	Plate2	A05	806rcbc100	345	C	6	345.T6	22.6	Placebo	Placebo_6	Post	Post_Placebo	Post_Placebo_Week_6	101	12	Placebo_mouse_345.T6
347.T6	ACTCCTTGTGTT	CCGGACTACHVGGGTWTCTAAT	Plate2	A06	806rcbc101	347	D	6	347.T6	21.5	Placebo	Placebo_6	Post	Post_Placebo	Post_Placebo_Week_6	102	12	Placebo_mouse_347.T6
348.T6	GTCACGGACATT	CCGGACTACHVGGGTWTCTAAT	Plate2	A07	806rcbc102	348	E	6	348.T6	22	Placebo	Placebo_6	Post	Post_Placebo	Post_Placebo_Week_6	103	12	Placebo_mouse_348.T6
349.T6	GCGAGCGAAGTA	CCGGACTACHVGGGTWTCTAAT	Plate2	A08	806rcbc103	349	E	6	349.T6	20.6	Placebo	Placebo_6	Post	Post_Placebo	Post_Placebo_Week_6	104	12	Placebo_mouse_349.T6
351.T6	ATCTACCGAAGC	CCGGACTACHVGGGTWTCTAAT	Plate2	A09	806rcbc104	351	F	6	351.T6	28.5	Letrozole	Letrozole_6	Post	Post_Letrozole	Post_Letrozole_Week_6	105	12	Letrozole_mouse_351.T6
352.T6	ACTTGGTGTAAG	CCGGACTACHVGGGTWTCTAAT	Plate2	A10	806rcbc105	352	G	6	352.T6	28.5	Letrozole	Letrozole_6	Post	Post_Letrozole	Post_Letrozole_Week_6	106	12	Letrozole_mouse_352.T6
353.T6	TCTTGGAGGTCA	CCGGACTACHVGGGTWTCTAAT	Plate2	A11	806rcbc106	353	G	6	353.T6	23.2	Letrozole	Letrozole_6	Post	Post_Letrozole	Post_Letrozole_Week_6	107	12	Letrozole_mouse_353.T6
355.T6	TCACCTCCTTGT	CCGGACTACHVGGGTWTCTAAT	Plate2	A12	806rcbc107	355	H	6	355.T6	29.8	Letrozole	Letrozole_6	Post	Post_Letrozole	Post_Letrozole_Week_6	108	12	Letrozole_mouse_355.T6
356.T6	GCACACCTGATA	CCGGACTACHVGGGTWTCTAAT	Plate2	B01	806rcbc108	356	I	6	356.T6	23.8	Letrozole	Letrozole_6	Post	Post_Letrozole	Post_Letrozole_Week_6	109	12	Letrozole_mouse_356.T6
359.T6	GCGACAATTACA	CCGGACTACHVGGGTWTCTAAT	Plate2	B02	806rcbc109	359	J	6	359.T6	24.7	Letrozole	Letrozole_6	Post	Post_Letrozole	Post_Letrozole_Week_6	110	12	Letrozole_mouse_359.T6
360.T6	TCATGCTCCATT	CCGGACTACHVGGGTWTCTAAT	Plate2	B03	806rcbc110	360	K	6	360.T6	23.2	Letrozole	Letrozole_6	Post	Post_Letrozole	Post_Letrozole_Week_6	111	12	Letrozole_mouse_360.T6
361.T6	AGCTGTCAAGCT	CCGGACTACHVGGGTWTCTAAT	Plate2	B04	806rcbc111	361	K	6	361.T6	27.5	Letrozole	Letrozole_6	Post	Post_Letrozole	Post_Letrozole_Week_6	112	12	Letrozole_mouse_361.T6
340.T7	GAGAGCAACAGA	CCGGACTACHVGGGTWTCTAAT	Plate2	B05	806rcbc112	340	A	7	340.T7	22.5	Placebo	Placebo_7	Post	Post_Placebo	Post_Placebo_Week_7	113	12	Placebo_mouse_340.T7
341.T7	TACTCGGGAACT	CCGGACTACHVGGGTWTCTAAT	Plate2	B06	806rcbc113	341	A	7	341.T7	21.9	Placebo	Placebo_7	Post	Post_Placebo	Post_Placebo_Week_7	114	12	Placebo_mouse_341.T7
342.T7	CGTGCTTAGGCT	CCGGACTACHVGGGTWTCTAAT	Plate2	B07	806rcbc114	342	B	7	342.T7	21.8	Placebo	Placebo_7	Post	Post_Placebo	Post_Placebo_Week_7	115	12	Placebo_mouse_342.T7
344.T7	TACCGAAGGTAT	CCGGACTACHVGGGTWTCTAAT	Plate2	B08	806rcbc115	344	C	7	344.T7	22.4	Placebo	Placebo_7	Post	Post_Placebo	Post_Placebo_Week_7	116	12	Placebo_mouse_344.T7
345.T7	CACTCATCATTC	CCGGACTACHVGGGTWTCTAAT	Plate2	B09	806rcbc116	345	C	7	345.T7	24.1	Placebo	Placebo_7	Post	Post_Placebo	Post_Placebo_Week_7	117	12	Placebo_mouse_345.T7
347.T7	GTATTTCGGACG	CCGGACTACHVGGGTWTCTAAT	Plate2	B10	806rcbc117	347	D	7	347.T7	21.4	Placebo	Placebo_7	Post	Post_Placebo	Post_Placebo_Week_7	118	12	Placebo_mouse_347.T7
348.T7	TATCTATCCTGC	CCGGACTACHVGGGTWTCTAAT	Plate2	B11	806rcbc118	348	E	7	348.T7	22.3	Placebo	Placebo_7	Post	Post_Placebo	Post_Placebo_Week_7	119	12	Placebo_mouse_348.T7
349.T7	TTGCCAAGAGTC	CCGGACTACHVGGGTWTCTAAT	Plate2	B12	806rcbc119	349	E	7	349.T7	22	Placebo	Placebo_7	Post	Post_Placebo	Post_Placebo_Week_7	120	12	Placebo_mouse_349.T7
351.T7	AGTAGCGGAAGA	CCGGACTACHVGGGTWTCTAAT	Plate2	C01	806rcbc120	351	F	7	351.T7	27.7	Letrozole	Letrozole_7	Post	Post_Letrozole	Post_Letrozole_Week_7	121	12	Letrozole_mouse_351.T7
352.T7	GCAATTAGGTAC	CCGGACTACHVGGGTWTCTAAT	Plate2	C02	806rcbc121	352	G	7	352.T7	28.2	Letrozole	Letrozole_7	Post	Post_Letrozole	Post_Letrozole_Week_7	122	12	Letrozole_mouse_352.T7
353.T7	CATACCGTGAGT	CCGGACTACHVGGGTWTCTAAT	Plate2	C03	806rcbc122	353	G	7	353.T7	23.7	Letrozole	Letrozole_7	Post	Post_Letrozole	Post_Letrozole_Week_7	123	12	Letrozole_mouse_353.T7
355.T7	ATGTGTGTAGAC	CCGGACTACHVGGGTWTCTAAT	Plate2	C04	806rcbc123	355	H	7	355.T7	30.2	Letrozole	Letrozole_7	Post	Post_Letrozole	Post_Letrozole_Week_7	124	12	Letrozole_mouse_355.T7
356.T7	CCTGCGAAGTAT	CCGGACTACHVGGGTWTCTAAT	Plate2	C05	806rcbc124	356	I	7	356.T7	25	Letrozole	Letrozole_7	Post	Post_Letrozole	Post_Letrozole_Week_7	125	12	Letrozole_mouse_356.T7
359.T7	TTCTCTCGACAT	CCGGACTACHVGGGTWTCTAAT	Plate2	C06	806rcbc125	359	J	7	359.T7	24	Letrozole	Letrozole_7	Post	Post_Letrozole	Post_Letrozole_Week_7	126	12	Letrozole_mouse_359.T7
360.T7	GCTCTCCGTAGA	CCGGACTACHVGGGTWTCTAAT	Plate2	C07	806rcbc126	360	K	7	360.T7	22.9	Letrozole	Letrozole_7	Post	Post_Letrozole	Post_Letrozole_Week_7	127	12	Letrozole_mouse_360.T7
361.T7	GTTAAGCTGACC	CCGGACTACHVGGGTWTCTAAT	Plate2	C08	806rcbc127	361	K	7	361.T7	27.5	Letrozole	Letrozole_7	Post	Post_Letrozole	Post_Letrozole_Week_7	128	12	Letrozole_mouse_361.T7
340.T8	ATGCCATGCCGT	CCGGACTACHVGGGTWTCTAAT	Plate2	C09	806rcbc128	340	A	8	340.T8	23.1	Placebo	Placebo_8	Post	Post_Placebo	Post_Placebo_Week_8	129	12	Placebo_mouse_340.T8
341.T8	GACATTGTCACG	CCGGACTACHVGGGTWTCTAAT	Plate2	C10	806rcbc129	341	A	8	341.T8	22.1	Placebo	Placebo_8	Post	Post_Placebo	Post_Placebo_Week_8	130	12	Placebo_mouse_341.T8
342.T8	GCCAACAACCAT	CCGGACTACHVGGGTWTCTAAT	Plate2	C11	806rcbc130	342	B	8	342.T8	22.1	Placebo	Placebo_8	Post	Post_Placebo	Post_Placebo_Week_8	131	12	Placebo_mouse_342.T8
344.T8	ATCAGTACTAGG	CCGGACTACHVGGGTWTCTAAT	Plate2	C12	806rcbc131	344	C	8	344.T8	22.9	Placebo	Placebo_8	Post	Post_Placebo	Post_Placebo_Week_8	132	12	Placebo_mouse_344.T8
345.T8	TCCTCGAGCGAT	CCGGACTACHVGGGTWTCTAAT	Plate2	D01	806rcbc132	345	C	8	345.T8	25.4	Placebo	Placebo_8	Post	Post_Placebo	Post_Placebo_Week_8	133	12	Placebo_mouse_345.T8
347.T8	ACCCAAGCGTTA	CCGGACTACHVGGGTWTCTAAT	Plate2	D02	806rcbc133	347	D	8	347.T8	22.8	Placebo	Placebo_8	Post	Post_Placebo	Post_Placebo_Week_8	134	12	Placebo_mouse_347.T8
348.T8	TGCAGCAAGATT	CCGGACTACHVGGGTWTCTAAT	Plate2	D03	806rcbc134	348	E	8	348.T8	22.8	Placebo	Placebo_8	Post	Post_Placebo	Post_Placebo_Week_8	135	12	Placebo_mouse_348.T8
349.T8	AGCAACATTGCA	CCGGACTACHVGGGTWTCTAAT	Plate2	D04	806rcbc135	349	E	8	349.T8	21.7	Placebo	Placebo_8	Post	Post_Placebo	Post_Placebo_Week_8	136	12	Placebo_mouse_349.T8
351.T8	GATGTGGTGTTA	CCGGACTACHVGGGTWTCTAAT	Plate2	D05	806rcbc136	351	F	8	351.T8	28.1	Letrozole	Letrozole_8	Post	Post_Letrozole	Post_Letrozole_Week_8	137	12	Letrozole_mouse_351.T8
352.T8	CAGAAATGTGTC	CCGGACTACHVGGGTWTCTAAT	Plate2	D06	806rcbc137	352	G	8	352.T8	28.3	Letrozole	Letrozole_8	Post	Post_Letrozole	Post_Letrozole_Week_8	138	12	Letrozole_mouse_352.T8
353.T8	GTAGAGGTAGAG	CCGGACTACHVGGGTWTCTAAT	Plate2	D07	806rcbc138	353	G	8	353.T8	24.6	Letrozole	Letrozole_8	Post	Post_Letrozole	Post_Letrozole_Week_8	139	12	Letrozole_mouse_353.T8
355.T8	CGTGATCCGCTA	CCGGACTACHVGGGTWTCTAAT	Plate2	D08	806rcbc139	355	H	8	355.T8	30.4	Letrozole	Letrozole_8	Post	Post_Letrozole	Post_Letrozole_Week_8	140	12	Letrozole_mouse_355.T8
356.T8	GGTTATTTGGCG	CCGGACTACHVGGGTWTCTAAT	Plate2	D09	806rcbc140	356	I	8	356.T8	25.1	Letrozole	Letrozole_8	Post	Post_Letrozole	Post_Letrozole_Week_8	141	12	Letrozole_mouse_356.T8
359.T8	GGATCGTAATAC	CCGGACTACHVGGGTWTCTAAT	Plate2	D10	806rcbc141	359	J	8	359.T8	25.4	Letrozole	Letrozole_8	Post	Post_Letrozole	Post_Letrozole_Week_8	142	12	Letrozole_mouse_359.T8
360.T8	GCATAGCATCAA	CCGGACTACHVGGGTWTCTAAT	Plate2	D11	806rcbc142	360	K	8	360.T8	23	Letrozole	Letrozole_8	Post	Post_Letrozole	Post_Letrozole_Week_8	143	12	Letrozole_mouse_360.T8
361.T8	GTGTTAGATGTG	CCGGACTACHVGGGTWTCTAAT	Plate2	D12	806rcbc143	361	K	8	361.T8	27.6	Letrozole	Letrozole_8	Post	Post_Letrozole	Post_Letrozole_Week_8	144	12	Letrozole_mouse_361.T8
340.T9	TTAGAGCCATGC	CCGGACTACHVGGGTWTCTAAT	Plate2	E01	806rcbc144	340	A	9	340.T9	22.9	Placebo	Placebo_9	Post	Post_Placebo	Post_Placebo_Week_9	145	12	Placebo_mouse_340.T9
341.T9	TGAACCCTATGG	CCGGACTACHVGGGTWTCTAAT	Plate2	E02	806rcbc145	341	A	9	341.T9	23.2	Placebo	Placebo_9	Post	Post_Placebo	Post_Placebo_Week_9	146	12	Placebo_mouse_341.T9
342.T9	AGAGTCTTGCCA	CCGGACTACHVGGGTWTCTAAT	Plate2	E03	806rcbc146	342	B	9	342.T9	21.6	Placebo	Placebo_9	Post	Post_Placebo	Post_Placebo_Week_9	147	12	Placebo_mouse_342.T9
344.T9	ACAACACTCCGA	CCGGACTACHVGGGTWTCTAAT	Plate2	E04	806rcbc147	344	C	9	344.T9	22.6	Placebo	Placebo_9	Post	Post_Placebo	Post_Placebo_Week_9	148	12	Placebo_mouse_344.T9
345.T9	CGATGCTGTTGA	CCGGACTACHVGGGTWTCTAAT	Plate2	E05	806rcbc148	345	C	9	345.T9	22.8	Placebo	Placebo_9	Post	Post_Placebo	Post_Placebo_Week_9	149	12	Placebo_mouse_345.T9
347.T9	ACGACTGCATAA	CCGGACTACHVGGGTWTCTAAT	Plate2	E06	806rcbc149	347	D	9	347.T9	23.3	Placebo	Placebo_9	Post	Post_Placebo	Post_Placebo_Week_9	150	12	Placebo_mouse_347.T9
348.T9	ACGCGAACTAAT	CCGGACTACHVGGGTWTCTAAT	Plate2	E07	806rcbc150	348	E	9	348.T9	24.1	Placebo	Placebo_9	Post	Post_Placebo	Post_Placebo_Week_9	151	12	Placebo_mouse_348.T9
349.T9	AGCTATGTATGG	CCGGACTACHVGGGTWTCTAAT	Plate2	E08	806rcbc151	349	E	9	349.T9	22.2	Placebo	Placebo_9	Post	Post_Placebo	Post_Placebo_Week_9	152	12	Placebo_mouse_349.T9
351.T9	ACGGGTCATCAT	CCGGACTACHVGGGTWTCTAAT	Plate2	E09	806rcbc152	351	F	9	351.T9	28.2	Letrozole	Letrozole_9	Post	Post_Letrozole	Post_Letrozole_Week_9	153	12	Letrozole_mouse_351.T9
352.T9	GAAACATCCCAC	CCGGACTACHVGGGTWTCTAAT	Plate2	E10	806rcbc153	352	G	9	352.T9	29.5	Letrozole	Letrozole_9	Post	Post_Letrozole	Post_Letrozole_Week_9	154	12	Letrozole_mouse_352.T9
353.T9	CGTACTCTCGAG	CCGGACTACHVGGGTWTCTAAT	Plate2	E11	806rcbc154	353	G	9	353.T9	23.3	Letrozole	Letrozole_9	Post	Post_Letrozole	Post_Letrozole_Week_9	155	12	Letrozole_mouse_353.T9
355.T9	TCAGTTCTCGTT	CCGGACTACHVGGGTWTCTAAT	Plate2	E12	806rcbc155	355	H	9	355.T9	31.8	Letrozole	Letrozole_9	Post	Post_Letrozole	Post_Letrozole_Week_9	156	12	Letrozole_mouse_355.T9
356.T9	TCGTGCGTGTTG	CCGGACTACHVGGGTWTCTAAT	Plate2	F01	806rcbc156	356	I	9	356.T9	26	Letrozole	Letrozole_9	Post	Post_Letrozole	Post_Letrozole_Week_9	157	12	Letrozole_mouse_356.T9
359.T9	GTTATCGCATGG	CCGGACTACHVGGGTWTCTAAT	Plate2	F02	806rcbc157	359	J	9	359.T9	25.2	Letrozole	Letrozole_9	Post	Post_Letrozole	Post_Letrozole_Week_9	158	12	Letrozole_mouse_359.T9
360.T9	GATCACGAGAGG	CCGGACTACHVGGGTWTCTAAT	Plate2	F03	806rcbc158	360	K	9	360.T9	23.6	Letrozole	Letrozole_9	Post	Post_Letrozole	Post_Letrozole_Week_9	159	12	Letrozole_mouse_360.T9
361.T9	GTAAATTCAGGC	CCGGACTACHVGGGTWTCTAAT	Plate2	F04	806rcbc159	361	K	9	361.T9	29	Letrozole	Letrozole_9	Post	Post_Letrozole	Post_Letrozole_Week_9	160	12	Letrozole_mouse_361.T9
340.T10	AGTGTTTCGGAC	CCGGACTACHVGGGTWTCTAAT	Plate2	F05	806rcbc160	340	A	10	340.T10	24.3	Placebo	Placebo_10	Post	Post_Placebo	Post_Placebo_Week_10	161	12	Placebo_mouse_340.T10
341.T10	ACACGCGGTTTA	CCGGACTACHVGGGTWTCTAAT	Plate2	F06	806rcbc161	341	A	10	341.T10	24.7	Placebo	Placebo_10	Post	Post_Placebo	Post_Placebo_Week_10	162	12	Placebo_mouse_341.T10
342.T10	TGGCAAATCTAG	CCGGACTACHVGGGTWTCTAAT	Plate2	F07	806rcbc162	342	B	10	342.T10	22.5	Placebo	Placebo_10	Post	Post_Placebo	Post_Placebo_Week_10	163	12	Placebo_mouse_342.T10
344.T10	CACCTTACCTTA	CCGGACTACHVGGGTWTCTAAT	Plate2	F08	806rcbc163	344	C	10	344.T10	23.2	Placebo	Placebo_10	Post	Post_Placebo	Post_Placebo_Week_10	164	12	Placebo_mouse_344.T10
345.T10	TTAACCTTCCTG	CCGGACTACHVGGGTWTCTAAT	Plate2	F09	806rcbc164	345	C	10	345.T10	23.8	Placebo	Placebo_10	Post	Post_Placebo	Post_Placebo_Week_10	165	12	Placebo_mouse_345.T10
347.T10	TGCCGTATGCCA	CCGGACTACHVGGGTWTCTAAT	Plate2	F10	806rcbc165	347	D	10	347.T10	23.2	Placebo	Placebo_10	Post	Post_Placebo	Post_Placebo_Week_10	166	12	Placebo_mouse_347.T10
348.T10	CGTGACAATAGT	CCGGACTACHVGGGTWTCTAAT	Plate2	F11	806rcbc166	348	E	10	348.T10	25	Placebo	Placebo_10	Post	Post_Placebo	Post_Placebo_Week_10	167	12	Placebo_mouse_348.T10
349.T10	CGCTACAACTCG	CCGGACTACHVGGGTWTCTAAT	Plate2	F12	806rcbc167	349	E	10	349.T10	22.7	Placebo	Placebo_10	Post	Post_Placebo	Post_Placebo_Week_10	168	12	Placebo_mouse_349.T10
351.T10	TTAAGACAGTCG	CCGGACTACHVGGGTWTCTAAT	Plate2	G01	806rcbc168	351	F	10	351.T10	28.7	Letrozole	Letrozole_10	Post	Post_Letrozole	Post_Letrozole_Week_10	169	12	Letrozole_mouse_351.T10
352.T10	TCTGCACTGAGC	CCGGACTACHVGGGTWTCTAAT	Plate2	G02	806rcbc169	352	G	10	352.T10	30.3	Letrozole	Letrozole_10	Post	Post_Letrozole	Post_Letrozole_Week_10	170	12	Letrozole_mouse_352.T10
353.T10	CGCAGATTAGTA	CCGGACTACHVGGGTWTCTAAT	Plate2	G03	806rcbc170	353	G	10	353.T10	25.5	Letrozole	Letrozole_10	Post	Post_Letrozole	Post_Letrozole_Week_10	171	12	Letrozole_mouse_353.T10
355.T10	TGGGTCCCACAT	CCGGACTACHVGGGTWTCTAAT	Plate2	G04	806rcbc171	355	H	10	355.T10	32.5	Letrozole	Letrozole_10	Post	Post_Letrozole	Post_Letrozole_Week_10	172	12	Letrozole_mouse_355.T10
356.T10	CACTGGTGCATA	CCGGACTACHVGGGTWTCTAAT	Plate2	G05	806rcbc172	356	I	10	356.T10	26.1	Letrozole	Letrozole_10	Post	Post_Letrozole	Post_Letrozole_Week_10	173	12	Letrozole_mouse_356.T10
359.T10	AACGTAGGCTCT	CCGGACTACHVGGGTWTCTAAT	Plate2	G06	806rcbc173	359	J	10	359.T10	24.8	Letrozole	Letrozole_10	Post	Post_Letrozole	Post_Letrozole_Week_10	174	12	Letrozole_mouse_359.T10
360.T10	AGTTGTAGTCCG	CCGGACTACHVGGGTWTCTAAT	Plate2	G07	806rcbc174	360	K	10	360.T10	23.6	Letrozole	Letrozole_10	Post	Post_Letrozole	Post_Letrozole_Week_10	175	12	Letrozole_mouse_360.T10
361.T10	TCGTCAAACCCG	CCGGACTACHVGGGTWTCTAAT	Plate2	G08	806rcbc175	361	K	10	361.T10	27.3	Letrozole	Letrozole_10	Post	Post_Letrozole	Post_Letrozole_Week_10	176	12	Letrozole_mouse_361.T10
340.T11	TAATCGGTGCCA	CCGGACTACHVGGGTWTCTAAT	Plate2	G09	806rcbc176	340	A	11	340.T11	23.6	Placebo	Placebo_11	Post	Post_Placebo	Post_Placebo_Week_11	177	12	Placebo_mouse_340.T11
341.T11	TTGATCCGGTAG	CCGGACTACHVGGGTWTCTAAT	Plate2	G10	806rcbc177	341	A	11	341.T11	25.7	Placebo	Placebo_11	Post	Post_Placebo	Post_Placebo_Week_11	178	12	Placebo_mouse_341.T11
342.T11	CGGGTGTTTGCT	CCGGACTACHVGGGTWTCTAAT	Plate2	G11	806rcbc178	342	B	11	342.T11	23.1	Placebo	Placebo_11	Post	Post_Placebo	Post_Placebo_Week_11	179	12	Placebo_mouse_342.T11
344.T11	TTGACCGCGGTT	CCGGACTACHVGGGTWTCTAAT	Plate2	G12	806rcbc179	344	C	11	344.T11	23.8	Placebo	Placebo_11	Post	Post_Placebo	Post_Placebo_Week_11	180	12	Placebo_mouse_344.T11
345.T11	GTGCAACCAATC	CCGGACTACHVGGGTWTCTAAT	Plate2	H01	806rcbc180	345	C	11	345.T11	24.6	Placebo	Placebo_11	Post	Post_Placebo	Post_Placebo_Week_11	181	12	Placebo_mouse_345.T11
347.T11	GCTTGAGCTTGA	CCGGACTACHVGGGTWTCTAAT	Plate2	H02	806rcbc181	347	D	11	347.T11	24	Placebo	Placebo_11	Post	Post_Placebo	Post_Placebo_Week_11	182	12	Placebo_mouse_347.T11
348.T11	CGCTGTGGATTA	CCGGACTACHVGGGTWTCTAAT	Plate2	H03	806rcbc182	348	E	11	348.T11	24.4	Placebo	Placebo_11	Post	Post_Placebo	Post_Placebo_Week_11	183	12	Placebo_mouse_348.T11
349.T11	CTGTCAGTGACC	CCGGACTACHVGGGTWTCTAAT	Plate2	H04	806rcbc183	349	E	11	349.T11	22.7	Placebo	Placebo_11	Post	Post_Placebo	Post_Placebo_Week_11	184	12	Placebo_mouse_349.T11
351.T11	ACGATTCGAGTC	CCGGACTACHVGGGTWTCTAAT	Plate2	H05	806rcbc184	351	F	11	351.T11	28.7	Letrozole	Letrozole_11	Post	Post_Letrozole	Post_Letrozole_Week_11	185	12	Letrozole_mouse_351.T11
352.T11	GGTTCGGTCCAT	CCGGACTACHVGGGTWTCTAAT	Plate2	H06	806rcbc185	352	G	11	352.T11	28.3	Letrozole	Letrozole_11	Post	Post_Letrozole	Post_Letrozole_Week_11	186	12	Letrozole_mouse_352.T11
353.T11	CTGATCCATCTT	CCGGACTACHVGGGTWTCTAAT	Plate2	H07	806rcbc186	353	G	11	353.T11	24.6	Letrozole	Letrozole_11	Post	Post_Letrozole	Post_Letrozole_Week_11	187	12	Letrozole_mouse_353.T11
355.T11	TATGTGCCGGCT	CCGGACTACHVGGGTWTCTAAT	Plate2	H08	806rcbc187	355	H	11	355.T11	32.9	Letrozole	Letrozole_11	Post	Post_Letrozole	Post_Letrozole_Week_11	188	12	Letrozole_mouse_355.T11
356.T11	TGGTCGCATCGT	CCGGACTACHVGGGTWTCTAAT	Plate2	H09	806rcbc188	356	I	11	356.T11	26	Letrozole	Letrozole_11	Post	Post_Letrozole	Post_Letrozole_Week_11	189	12	Letrozole_mouse_356.T11
359.T11	TGTAAGACTTGG	CCGGACTACHVGGGTWTCTAAT	Plate2	H10	806rcbc189	359	J	11	359.T11	24.6	Letrozole	Letrozole_11	Post	Post_Letrozole	Post_Letrozole_Week_11	190	12	Letrozole_mouse_359.T11
360.T11	CGGATCTAGTGT	CCGGACTACHVGGGTWTCTAAT	Plate2	H11	806rcbc190	360	K	11	360.T11	23.7	Letrozole	Letrozole_11	Post	Post_Letrozole	Post_Letrozole_Week_11	191	12	Letrozole_mouse_360.T11
361.T11	CGATCTTCGAGC	CCGGACTACHVGGGTWTCTAAT	Plate2	H12	806rcbc191	361	K	11	361.T11	27.7	Letrozole	Letrozole_11	Post	Post_Letrozole	Post_Letrozole_Week_11	192	12	Letrozole_mouse_361.T11
340.T12	AGCCTTCGTCGC	CCGGACTACHVGGGTWTCTAAT	Plate3	A01	806rcbc192	340	A	12	340.T12	25.4	Placebo	Placebo_12	Post	Post_Placebo	Post_Placebo_Week_12	193	12	Placebo_mouse_340.T12
341.T12	TCCATACCGGAA	CCGGACTACHVGGGTWTCTAAT	Plate3	A02	806rcbc193	341	A	12	341.T12	26.4	Placebo	Placebo_12	Post	Post_Placebo	Post_Placebo_Week_12	194	12	Placebo_mouse_341.T12
342.T12	AGCCCTGCTACA	CCGGACTACHVGGGTWTCTAAT	Plate3	A03	806rcbc194	342	B	12	342.T12	23.4	Placebo	Placebo_12	Post	Post_Placebo	Post_Placebo_Week_12	195	12	Placebo_mouse_342.T12
344.T12	CCTAACGGTCCA	CCGGACTACHVGGGTWTCTAAT	Plate3	A04	806rcbc195	344	C	12	344.T12	24.8	Placebo	Placebo_12	Post	Post_Placebo	Post_Placebo_Week_12	196	12	Placebo_mouse_344.T12
345.T12	CGCGCCTTAAAC	CCGGACTACHVGGGTWTCTAAT	Plate3	A05	806rcbc196	345	C	12	345.T12	28.6	Placebo	Placebo_12	Post	Post_Placebo	Post_Placebo_Week_12	197	12	Placebo_mouse_345.T12
347.T12	TATGGTACCCAG	CCGGACTACHVGGGTWTCTAAT	Plate3	A06	806rcbc197	347	D	12	347.T12	24.9	Placebo	Placebo_12	Post	Post_Placebo	Post_Placebo_Week_12	198	12	Placebo_mouse_347.T12
348.T12	TACAATATCTGT	CCGGACTACHVGGGTWTCTAAT	Plate3	A07	806rcbc198	348	E	12	348.T12	25.3	Placebo	Placebo_12	Post	Post_Placebo	Post_Placebo_Week_12	199	12	Placebo_mouse_348.T12
349.T12	AATTTAGGTAGG	CCGGACTACHVGGGTWTCTAAT	Plate3	A08	806rcbc199	349	E	12	349.T12	24	Placebo	Placebo_12	Post	Post_Placebo	Post_Placebo_Week_12	200	12	Placebo_mouse_349.T12
351.T12	GACTCAACCAGT	CCGGACTACHVGGGTWTCTAAT	Plate3	A09	806rcbc200	351	F	12	351.T12	29.2	Letrozole	Letrozole_12	Post	Post_Letrozole	Post_Letrozole_Week_12	201	12	Letrozole_mouse_351.T12
352.T12	GCCTCTACGTCG	CCGGACTACHVGGGTWTCTAAT	Plate3	A10	806rcbc201	352	G	12	352.T12	28.8	Letrozole	Letrozole_12	Post	Post_Letrozole	Post_Letrozole_Week_12	202	12	Letrozole_mouse_352.T12
353.T12	ACTACTGAGGAT	CCGGACTACHVGGGTWTCTAAT	Plate3	A11	806rcbc202	353	G	12	353.T12	25.6	Letrozole	Letrozole_12	Post	Post_Letrozole	Post_Letrozole_Week_12	203	12	Letrozole_mouse_353.T12
355.T12	AATTCACCTCCT	CCGGACTACHVGGGTWTCTAAT	Plate3	A12	806rcbc203	355	H	12	355.T12	34	Letrozole	Letrozole_12	Post	Post_Letrozole	Post_Letrozole_Week_12	204	12	Letrozole_mouse_355.T12
356.T12	ATCTAGTGGCAA	CCGGACTACHVGGGTWTCTAAT	Plate3	B01	806rcbc231	356	I	12	356.T12	26.3	Letrozole	Letrozole_12	Post	Post_Letrozole	Post_Letrozole_Week_12	205	12	Letrozole_mouse_356.T12
359.T12	ATGCTGCAACAC	CCGGACTACHVGGGTWTCTAAT	Plate3	B02	806rcbc205	359	J	12	359.T12	26.1	Letrozole	Letrozole_12	Post	Post_Letrozole	Post_Letrozole_Week_12	206	12	Letrozole_mouse_359.T12
360.T12	ACTCGCTCGCTG	CCGGACTACHVGGGTWTCTAAT	Plate3	B03	806rcbc206	360	K	12	360.T12	23.8	Letrozole	Letrozole_12	Post	Post_Letrozole	Post_Letrozole_Week_12	207	12	Letrozole_mouse_360.T12
361.T12	TTCCTTAGTAGT	CCGGACTACHVGGGTWTCTAAT	Plate3	B04	806rcbc207	361	K	12	361.T12	30.1	Letrozole	Letrozole_12	Post	Post_Letrozole	Post_Letrozole_Week_12	208	12	Letrozole_mouse_361.T12
340.T13	CGTCCGTATGAA	CCGGACTACHVGGGTWTCTAAT	Plate3	B05	806rcbc208	340	A	13	340.T13	24.5	Placebo	Placebo_13	Post	Post_Placebo	Post_Placebo_Week_13	209	12	Placebo_mouse_340.T13
341.T13	ACGTGAGGAACG	CCGGACTACHVGGGTWTCTAAT	Plate3	B06	806rcbc209	341	A	13	341.T13	26	Placebo	Placebo_13	Post	Post_Placebo	Post_Placebo_Week_13	210	12	Placebo_mouse_341.T13
342.T13	GGTTGCCCTGTA	CCGGACTACHVGGGTWTCTAAT	Plate3	B07	806rcbc210	342	B	13	342.T13	24.6	Placebo	Placebo_13	Post	Post_Placebo	Post_Placebo_Week_13	211	12	Placebo_mouse_342.T13
344.T13	CATATAGCCCGA	CCGGACTACHVGGGTWTCTAAT	Plate3	B08	806rcbc211	344	C	13	344.T13	25	Placebo	Placebo_13	Post	Post_Placebo	Post_Placebo_Week_13	212	12	Placebo_mouse_344.T13
345.T13	GCCTATGAGATC	CCGGACTACHVGGGTWTCTAAT	Plate3	B09	806rcbc212	345	C	13	345.T13	25.4	Placebo	Placebo_13	Post	Post_Placebo	Post_Placebo_Week_13	213	12	Placebo_mouse_345.T13
347.T13	CAAGTGAAGGGA	CCGGACTACHVGGGTWTCTAAT	Plate3	B10	806rcbc213	347	D	13	347.T13	24.3	Placebo	Placebo_13	Post	Post_Placebo	Post_Placebo_Week_13	214	12	Placebo_mouse_347.T13
348.T13	CACGTTTATTCC	CCGGACTACHVGGGTWTCTAAT	Plate3	B11	806rcbc214	348	E	13	348.T13	26.1	Placebo	Placebo_13	Post	Post_Placebo	Post_Placebo_Week_13	215	12	Placebo_mouse_348.T13
349.T13	GCAACGAACGAG	CCGGACTACHVGGGTWTCTAAT	Plate3	B12	806rcbc215	349	E	13	349.T13	24.2	Placebo	Placebo_13	Post	Post_Placebo	Post_Placebo_Week_13	216	12	Placebo_mouse_349.T13
351.T13	TGACTAATGGCC	CCGGACTACHVGGGTWTCTAAT	Plate3	C01	806rcbc216	351	F	13	351.T13	30.1	Letrozole	Letrozole_13	Post	Post_Letrozole	Post_Letrozole_Week_13	217	12	Letrozole_mouse_351.T13
352.T13	CGGGACACCCGA	CCGGACTACHVGGGTWTCTAAT	Plate3	C02	806rcbc217	352	G	13	352.T13	28.2	Letrozole	Letrozole_13	Post	Post_Letrozole	Post_Letrozole_Week_13	218	12	Letrozole_mouse_352.T13
353.T13	CTGTCTATACTA	CCGGACTACHVGGGTWTCTAAT	Plate3	C03	806rcbc218	353	G	13	353.T13	26.5	Letrozole	Letrozole_13	Post	Post_Letrozole	Post_Letrozole_Week_13	219	12	Letrozole_mouse_353.T13
355.T13	TATGCCAGAGAT	CCGGACTACHVGGGTWTCTAAT	Plate3	C04	806rcbc219	355	H	13	355.T13	33.3	Letrozole	Letrozole_13	Post	Post_Letrozole	Post_Letrozole_Week_13	220	12	Letrozole_mouse_355.T13
356.T13	CGTTTGGAATGA	CCGGACTACHVGGGTWTCTAAT	Plate3	C05	806rcbc220	356	I	13	356.T13	26.1	Letrozole	Letrozole_13	Post	Post_Letrozole	Post_Letrozole_Week_13	221	12	Letrozole_mouse_356.T13
359.T13	AAGAACTCATGA	CCGGACTACHVGGGTWTCTAAT	Plate3	C06	806rcbc221	359	J	13	359.T13	25.2	Letrozole	Letrozole_13	Post	Post_Letrozole	Post_Letrozole_Week_13	222	12	Letrozole_mouse_359.T13
360.T13	TGATATCGTCTT	CCGGACTACHVGGGTWTCTAAT	Plate3	C07	806rcbc222	360	K	13	360.T13	23.2	Letrozole	Letrozole_13	Post	Post_Letrozole	Post_Letrozole_Week_13	223	12	Letrozole_mouse_360.T13
361.T13	CGGTGACCTACT	CCGGACTACHVGGGTWTCTAAT	Plate3	C08	806rcbc223	361	K	13	361.T13	28.4	Letrozole	Letrozole_13	Post	Post_Letrozole	Post_Letrozole_Week_13	224	12	Letrozole_mouse_361.T13
pcr.control	ACGCTTAACGAC	CCGGACTACHVGGGTWTCTAAT	Plate3	C09	806rcbc232	PCRControl	Z	0	PCRControl.T0	0	PCR control	PCR control_0	Pre	Pre_PCR control	Pre_PCR control_Week_0	225	12	PCR control_mouse_PCRControl.T0
extraction.control	ATACATGCAAGA	CCGGACTACHVGGGTWTCTAAT	Plate3	C10	806rcbc234	EXTControl	Z	0	EXTControl.T0	0	Extraction control	Extraction control_0	Pre	Pre_Extraction control	Pre_Extraction control_Week_0	226	12	Extraction control_mouse_EXTControl.T0
600.T5	TGTGCACGCCAT	CCGGACTACHVGGGTWTCTAAT	Plate3	C11	806rcbc252	600	P	5	600.T5	19.8	Placebo Co-House	Placebo Co-House_5	NA	NA_Placebo Co-House	NA_Placebo Co-House_Week_5	227	19	Placebo Co-House_mouse_600.T5
601.T5	CCGGACAAGAAG	CCGGACTACHVGGGTWTCTAAT	Plate3	C12	806rcbc253	601	P	5	601.T5	20.8	Letrozole Co-House	Letrozole Co-House_5	NA	NA_Letrozole Co-House	NA_Letrozole Co-House_Week_5	228	19	Letrozole Co-House_mouse_601.T5
602.T5	TTGCTGGACGCT	CCGGACTACHVGGGTWTCTAAT	Plate3	D01	806rcbc254	602	Q	5	602.T5	21.4	Placebo Co-House	Placebo Co-House_5	NA	NA_Placebo Co-House	NA_Placebo Co-House_Week_5	229	19	Placebo Co-House_mouse_602.T5
603.T5	TACTAACGCGGT	CCGGACTACHVGGGTWTCTAAT	Plate3	D02	806rcbc255	603	Q	5	603.T5	22.7	Letrozole Co-House	Letrozole Co-House_5	NA	NA_Letrozole Co-House	NA_Letrozole Co-House_Week_5	230	19	Letrozole Co-House_mouse_603.T5
570.T5	GCGATCACACCT	CCGGACTACHVGGGTWTCTAAT	Plate3	D03	806rcbc256	570	A	5	570.T5	19.1	Placebo	Placebo_5	NA	NA_Placebo	NA_Placebo_Week_5	231	19	Placebo_mouse_570.T5
586.T5	CAAACGCACTAA	CCGGACTACHVGGGTWTCTAAT	Plate3	D04	806rcbc257	586	I	5	586.T5	25.2	Letrozole	Letrozole_5	NA	NA_Letrozole	NA_Letrozole_Week_5	232	19	Letrozole_mouse_586.T5