#SampleID	BarcodeSequence	LinkerPrimerSequence	Code	project_name	TITLE	Treat	Time 	Cage	Weight	individual	Description
A01P0A	TCCCTTGTCTCC	CCGGACTACHVGGGTWTCTAAT	A01	PCOS Study	PCOS_Mouse_Model_Time_Series_Analysis	P	0	A	16.6	1	PCOS_Mouse_Model_Time_Series_Analysis
A02P0A	ACGAGACTGATT	CCGGACTACHVGGGTWTCTAAT	A02	PCOS Study	PCOS_Mouse_Model_Time_Series_Analysis	P	0	A	14.9	2	PCOS_Mouse_Model_Time_Series_Analysis
A03P0B	GCTGTACGGATT	CCGGACTACHVGGGTWTCTAAT	A03	PCOS Study	PCOS_Mouse_Model_Time_Series_Analysis	P	0	B	14.5	3	PCOS_Mouse_Model_Time_Series_Analysis
A04P0B	ATCACCAGGTGT	CCGGACTACHVGGGTWTCTAAT	A04	PCOS Study	PCOS_Mouse_Model_Time_Series_Analysis	P	0	B	17.1	4	PCOS_Mouse_Model_Time_Series_Analysis
A05P0C	TGGTCAACGATA	CCGGACTACHVGGGTWTCTAAT	A05	PCOS Study	PCOS_Mouse_Model_Time_Series_Analysis	P	0	C	16.2	5	PCOS_Mouse_Model_Time_Series_Analysis
A06P0C	ATCGCACAGTAA	CCGGACTACHVGGGTWTCTAAT	A06	PCOS Study	PCOS_Mouse_Model_Time_Series_Analysis	P	0	C	16.4	6	PCOS_Mouse_Model_Time_Series_Analysis
A07P0D	GTCGTGTAGCCT	CCGGACTACHVGGGTWTCTAAT	A07	PCOS Study	PCOS_Mouse_Model_Time_Series_Analysis	P	0	D	15.7	7	PCOS_Mouse_Model_Time_Series_Analysis
A08P0D	AGCGGAGGTTAG	CCGGACTACHVGGGTWTCTAAT	A08	PCOS Study	PCOS_Mouse_Model_Time_Series_Analysis	P	0	D	16.9	8	PCOS_Mouse_Model_Time_Series_Analysis
A09P0E	ATCCTTTGGTTC	CCGGACTACHVGGGTWTCTAAT	A09	PCOS Study	PCOS_Mouse_Model_Time_Series_Analysis	P	0	E	15.9	9	PCOS_Mouse_Model_Time_Series_Analysis
A10P0E	TACAGCGCATAC	CCGGACTACHVGGGTWTCTAAT	A10	PCOS Study	PCOS_Mouse_Model_Time_Series_Analysis	P	0	E	15.4	10	PCOS_Mouse_Model_Time_Series_Analysis
B01L0F	TGCATACACTGG	CCGGACTACHVGGGTWTCTAAT	B01	PCOS Study	PCOS_Mouse_Model_Time_Series_Analysis	L	0	F	17.1	11	PCOS_Mouse_Model_Time_Series_Analysis
B02L0F	AGTCGAACGAGG	CCGGACTACHVGGGTWTCTAAT	B02	PCOS Study	PCOS_Mouse_Model_Time_Series_Analysis	L	0	F	14.6	12	PCOS_Mouse_Model_Time_Series_Analysis
B03L0G	ACCAGTGACTCA	CCGGACTACHVGGGTWTCTAAT	B03	PCOS Study	PCOS_Mouse_Model_Time_Series_Analysis	L	0	G	14.5	13	PCOS_Mouse_Model_Time_Series_Analysis
B04L0G	GAATACCAAGTC	CCGGACTACHVGGGTWTCTAAT	B04	PCOS Study	PCOS_Mouse_Model_Time_Series_Analysis	L	0	G	13.8	14	PCOS_Mouse_Model_Time_Series_Analysis
B05L0H	GTAGATCGTGTA	CCGGACTACHVGGGTWTCTAAT	B05	PCOS Study	PCOS_Mouse_Model_Time_Series_Analysis	L	0	H	16.2	15	PCOS_Mouse_Model_Time_Series_Analysis
B06L0H	TAACGTGTGTGC	CCGGACTACHVGGGTWTCTAAT	B06	PCOS Study	PCOS_Mouse_Model_Time_Series_Analysis	L	0	H	16.5	16	PCOS_Mouse_Model_Time_Series_Analysis
B07L0I	CATTATGGCGTG	CCGGACTACHVGGGTWTCTAAT	B07	PCOS Study	PCOS_Mouse_Model_Time_Series_Analysis	L	0	I	19.4	17	PCOS_Mouse_Model_Time_Series_Analysis
B08L0I	CCAATACGCCTG	CCGGACTACHVGGGTWTCTAAT	B08	PCOS Study	PCOS_Mouse_Model_Time_Series_Analysis	L	0	I	15.7	18	PCOS_Mouse_Model_Time_Series_Analysis
B09L0J	GATCTGCGATCC	CCGGACTACHVGGGTWTCTAAT	B09	PCOS Study	PCOS_Mouse_Model_Time_Series_Analysis	L	0	J	15.8	19	PCOS_Mouse_Model_Time_Series_Analysis
B10L0J	CAGCTCATCAGC	CCGGACTACHVGGGTWTCTAAT	B10	PCOS Study	PCOS_Mouse_Model_Time_Series_Analysis	L	0	J	17.7	20	PCOS_Mouse_Model_Time_Series_Analysis
C01P1A	GCGATATATCGC	CCGGACTACHVGGGTWTCTAAT	C01	PCOS Study	PCOS_Mouse_Model_Time_Series_Analysis	P	1	A	17.6	1	PCOS_Mouse_Model_Time_Series_Analysis
C02P1A	CGAGCAATCCTA	CCGGACTACHVGGGTWTCTAAT	C02	PCOS Study	PCOS_Mouse_Model_Time_Series_Analysis	P	1	A	17.3	2	PCOS_Mouse_Model_Time_Series_Analysis
C03P1B	AGTCGTGCACAT	CCGGACTACHVGGGTWTCTAAT	C03	PCOS Study	PCOS_Mouse_Model_Time_Series_Analysis	P	1	B	16.5	3	PCOS_Mouse_Model_Time_Series_Analysis
C04P1B	GTATCTGCGCGT	CCGGACTACHVGGGTWTCTAAT	C04	PCOS Study	PCOS_Mouse_Model_Time_Series_Analysis	P	1	B	18	4	PCOS_Mouse_Model_Time_Series_Analysis
C05P1C	CGAGGGAAAGTC	CCGGACTACHVGGGTWTCTAAT	C05	PCOS Study	PCOS_Mouse_Model_Time_Series_Analysis	P	1	C	17.3	5	PCOS_Mouse_Model_Time_Series_Analysis
C06P1C	CAAATTCGGGAT	CCGGACTACHVGGGTWTCTAAT	C06	PCOS Study	PCOS_Mouse_Model_Time_Series_Analysis	P	1	C	17.4	6	PCOS_Mouse_Model_Time_Series_Analysis
C07P1D	AGATTGACCAAC	CCGGACTACHVGGGTWTCTAAT	C07	PCOS Study	PCOS_Mouse_Model_Time_Series_Analysis	P	1	D	17.5	7	PCOS_Mouse_Model_Time_Series_Analysis
C08P1D	AGTTACGAGCTA	CCGGACTACHVGGGTWTCTAAT	C08	PCOS Study	PCOS_Mouse_Model_Time_Series_Analysis	P	1	D	18.5	8	PCOS_Mouse_Model_Time_Series_Analysis
C09P1E	GCATATGCACTG	CCGGACTACHVGGGTWTCTAAT	C09	PCOS Study	PCOS_Mouse_Model_Time_Series_Analysis	P	1	E	17.6	9	PCOS_Mouse_Model_Time_Series_Analysis
C10P1E	CAACTCCCGTGA	CCGGACTACHVGGGTWTCTAAT	C10	PCOS Study	PCOS_Mouse_Model_Time_Series_Analysis	P	1	E	16.2	10	PCOS_Mouse_Model_Time_Series_Analysis
D01L1F	CACTACGCTAGA	CCGGACTACHVGGGTWTCTAAT	D01	PCOS Study	PCOS_Mouse_Model_Time_Series_Analysis	L	1	F	19	11	PCOS_Mouse_Model_Time_Series_Analysis
D02L1F	TGCAGTCCTCGA	CCGGACTACHVGGGTWTCTAAT	D02	PCOS Study	PCOS_Mouse_Model_Time_Series_Analysis	L	1	F	15.7	12	PCOS_Mouse_Model_Time_Series_Analysis
D03L1G	ACCATAGCTCCG	CCGGACTACHVGGGTWTCTAAT	D03	PCOS Study	PCOS_Mouse_Model_Time_Series_Analysis	L	1	G	17.3	13	PCOS_Mouse_Model_Time_Series_Analysis
D04L1G	TCGACATCTCTT	CCGGACTACHVGGGTWTCTAAT	D04	PCOS Study	PCOS_Mouse_Model_Time_Series_Analysis	L	1	G	16	14	PCOS_Mouse_Model_Time_Series_Analysis
D05L1H	GAACACTTTGGA	CCGGACTACHVGGGTWTCTAAT	D05	PCOS Study	PCOS_Mouse_Model_Time_Series_Analysis	L	1	H	18.8	15	PCOS_Mouse_Model_Time_Series_Analysis
D06L1H	GAGCCATCTGTA	CCGGACTACHVGGGTWTCTAAT	D06	PCOS Study	PCOS_Mouse_Model_Time_Series_Analysis	L	1	H	17.6	16	PCOS_Mouse_Model_Time_Series_Analysis
D07L1I	TTGGGTACACGT	CCGGACTACHVGGGTWTCTAAT	D07	PCOS Study	PCOS_Mouse_Model_Time_Series_Analysis	L	1	I	21.5	17	PCOS_Mouse_Model_Time_Series_Analysis
D08L1I	AAGGCGCTCCTT	CCGGACTACHVGGGTWTCTAAT	D08	PCOS Study	PCOS_Mouse_Model_Time_Series_Analysis	L	1	I	16.7	18	PCOS_Mouse_Model_Time_Series_Analysis
D09L1J	TAATACGGATCG	CCGGACTACHVGGGTWTCTAAT	D09	PCOS Study	PCOS_Mouse_Model_Time_Series_Analysis	L	1	J	18	19	PCOS_Mouse_Model_Time_Series_Analysis
D10L1J	TCGGAATTAGAC	CCGGACTACHVGGGTWTCTAAT	D10	PCOS Study	PCOS_Mouse_Model_Time_Series_Analysis	L	1	J	18.1	20	PCOS_Mouse_Model_Time_Series_Analysis
E01P2A	TACTACGTGGCC	CCGGACTACHVGGGTWTCTAAT	E01	PCOS Study	PCOS_Mouse_Model_Time_Series_Analysis	P	2	A	18.4	1	PCOS_Mouse_Model_Time_Series_Analysis
E02P2A	GGCCAGTTCCTA	CCGGACTACHVGGGTWTCTAAT	E02	PCOS Study	PCOS_Mouse_Model_Time_Series_Analysis	P	2	A	18.7	2	PCOS_Mouse_Model_Time_Series_Analysis
E03P2B	GATGTTCGCTAG	CCGGACTACHVGGGTWTCTAAT	E03	PCOS Study	PCOS_Mouse_Model_Time_Series_Analysis	P	2	B	17.1	3	PCOS_Mouse_Model_Time_Series_Analysis
E04P2B	CTATCTCCTGTC	CCGGACTACHVGGGTWTCTAAT	E04	PCOS Study	PCOS_Mouse_Model_Time_Series_Analysis	P	2	B	17.3	4	PCOS_Mouse_Model_Time_Series_Analysis
E05P2C	ACTCACAGGAAT	CCGGACTACHVGGGTWTCTAAT	E05	PCOS Study	PCOS_Mouse_Model_Time_Series_Analysis	P	2	C	18.5	5	PCOS_Mouse_Model_Time_Series_Analysis
E06P2C	ATGATGAGCCTC	CCGGACTACHVGGGTWTCTAAT	E06	PCOS Study	PCOS_Mouse_Model_Time_Series_Analysis	P	2	C	19.1	6	PCOS_Mouse_Model_Time_Series_Analysis
E07P2D	GTCGACAGAGGA	CCGGACTACHVGGGTWTCTAAT	E07	PCOS Study	PCOS_Mouse_Model_Time_Series_Analysis	P	2	D	17.6	7	PCOS_Mouse_Model_Time_Series_Analysis
E08P2D	TGTCGCAAATAG	CCGGACTACHVGGGTWTCTAAT	E08	PCOS Study	PCOS_Mouse_Model_Time_Series_Analysis	P	2	D	19.3	8	PCOS_Mouse_Model_Time_Series_Analysis
E09P2E	CATCCCTCTACT	CCGGACTACHVGGGTWTCTAAT	E09	PCOS Study	PCOS_Mouse_Model_Time_Series_Analysis	P	2	E	18	9	PCOS_Mouse_Model_Time_Series_Analysis
E10P2E	TATACCGCTGCG	CCGGACTACHVGGGTWTCTAAT	E10	PCOS Study	PCOS_Mouse_Model_Time_Series_Analysis	P	2	E	18	10	PCOS_Mouse_Model_Time_Series_Analysis
F01L2F	CGGTCAATTGAC	CCGGACTACHVGGGTWTCTAAT	F01	PCOS Study	PCOS_Mouse_Model_Time_Series_Analysis	L	2	F	22.1	11	PCOS_Mouse_Model_Time_Series_Analysis
F02L2F	GTGGAGTCTCAT	CCGGACTACHVGGGTWTCTAAT	F02	PCOS Study	PCOS_Mouse_Model_Time_Series_Analysis	L	2	F	18.7	12	PCOS_Mouse_Model_Time_Series_Analysis
F03L2G	GCTCGAAGATTC	CCGGACTACHVGGGTWTCTAAT	F03	PCOS Study	PCOS_Mouse_Model_Time_Series_Analysis	L	2	G	20.8	13	PCOS_Mouse_Model_Time_Series_Analysis
F04L2G	AGGCTTACGTGT	CCGGACTACHVGGGTWTCTAAT	F04	PCOS Study	PCOS_Mouse_Model_Time_Series_Analysis	L	2	G	19.9	14	PCOS_Mouse_Model_Time_Series_Analysis
F05L2H	TCTCTACCACTC	CCGGACTACHVGGGTWTCTAAT	F05	PCOS Study	PCOS_Mouse_Model_Time_Series_Analysis	L	2	H	21.6	15	PCOS_Mouse_Model_Time_Series_Analysis
F06L2H	ACTTCCAACTTC	CCGGACTACHVGGGTWTCTAAT	F06	PCOS Study	PCOS_Mouse_Model_Time_Series_Analysis	L	2	H	21.8	16	PCOS_Mouse_Model_Time_Series_Analysis
F07L2I	CTCACCTAGGAA	CCGGACTACHVGGGTWTCTAAT	F07	PCOS Study	PCOS_Mouse_Model_Time_Series_Analysis	L	2	I	24.8	17	PCOS_Mouse_Model_Time_Series_Analysis
F08L2I	GTGTTGTCGTGC	CCGGACTACHVGGGTWTCTAAT	F08	PCOS Study	PCOS_Mouse_Model_Time_Series_Analysis	L	2	I	19.1	18	PCOS_Mouse_Model_Time_Series_Analysis
F09L2J	CCACAGATCGAT	CCGGACTACHVGGGTWTCTAAT	F09	PCOS Study	PCOS_Mouse_Model_Time_Series_Analysis	L	2	J	21.1	19	PCOS_Mouse_Model_Time_Series_Analysis
F10L2J	TATCGACACAAG	CCGGACTACHVGGGTWTCTAAT	F10	PCOS Study	PCOS_Mouse_Model_Time_Series_Analysis	L	2	J	20.8	20	PCOS_Mouse_Model_Time_Series_Analysis
G01P3A	GGTGACTAGTTC	CCGGACTACHVGGGTWTCTAAT	G01	PCOS Study	PCOS_Mouse_Model_Time_Series_Analysis	P	3	A	18.9	1	PCOS_Mouse_Model_Time_Series_Analysis
G02P3A	ATGGGTTCCGTC	CCGGACTACHVGGGTWTCTAAT	G02	PCOS Study	PCOS_Mouse_Model_Time_Series_Analysis	P	3	A	19.7	2	PCOS_Mouse_Model_Time_Series_Analysis
G03P3B	TAGGCATGCTTG	CCGGACTACHVGGGTWTCTAAT	G03	PCOS Study	PCOS_Mouse_Model_Time_Series_Analysis	P	3	B	18.3	3	PCOS_Mouse_Model_Time_Series_Analysis
G04P3B	AACTAGTTCAGG	CCGGACTACHVGGGTWTCTAAT	G04	PCOS Study	PCOS_Mouse_Model_Time_Series_Analysis	P	3	B	17.7	4	PCOS_Mouse_Model_Time_Series_Analysis
G05P3C	ATTCTGCCGAAG	CCGGACTACHVGGGTWTCTAAT	G05	PCOS Study	PCOS_Mouse_Model_Time_Series_Analysis	P	3	C	19.5	5	PCOS_Mouse_Model_Time_Series_Analysis
G06P3C	AGCATGTCCCGT	CCGGACTACHVGGGTWTCTAAT	G06	PCOS Study	PCOS_Mouse_Model_Time_Series_Analysis	P	3	C	19.4	6	PCOS_Mouse_Model_Time_Series_Analysis
G07P3D	GTACGATATGAC	CCGGACTACHVGGGTWTCTAAT	G07	PCOS Study	PCOS_Mouse_Model_Time_Series_Analysis	P	3	D	18.2	7	PCOS_Mouse_Model_Time_Series_Analysis
G08P3D	GTGGTGGTTTCC	CCGGACTACHVGGGTWTCTAAT	G08	PCOS Study	PCOS_Mouse_Model_Time_Series_Analysis	P	3	D	19.1	8	PCOS_Mouse_Model_Time_Series_Analysis
G09P3E	TAGTATGCGCAA	CCGGACTACHVGGGTWTCTAAT	G09	PCOS Study	PCOS_Mouse_Model_Time_Series_Analysis	P	3	E	18.6	9	PCOS_Mouse_Model_Time_Series_Analysis
G10P3E	TGCGCTGAATGT	CCGGACTACHVGGGTWTCTAAT	G10	PCOS Study	PCOS_Mouse_Model_Time_Series_Analysis	P	3	E	18.3	10	PCOS_Mouse_Model_Time_Series_Analysis
H01L3F	CGTAAGATGCCT	CCGGACTACHVGGGTWTCTAAT	H01	PCOS Study	PCOS_Mouse_Model_Time_Series_Analysis	L	3	F	25.6	11	PCOS_Mouse_Model_Time_Series_Analysis
H02L3F	GCGTTCTAGCTG	CCGGACTACHVGGGTWTCTAAT	H02	PCOS Study	PCOS_Mouse_Model_Time_Series_Analysis	L	3	F	21.5	12	PCOS_Mouse_Model_Time_Series_Analysis
H03L3G	GTTGTTCTGGGA	CCGGACTACHVGGGTWTCTAAT	H03	PCOS Study	PCOS_Mouse_Model_Time_Series_Analysis	L	3	G	22.8	13	PCOS_Mouse_Model_Time_Series_Analysis
H04L3G	GGACTTCCAGCT	CCGGACTACHVGGGTWTCTAAT	H04	PCOS Study	PCOS_Mouse_Model_Time_Series_Analysis	L	3	G	23.3	14	PCOS_Mouse_Model_Time_Series_Analysis
H05L3H	CTCACAACCGTG	CCGGACTACHVGGGTWTCTAAT	H05	PCOS Study	PCOS_Mouse_Model_Time_Series_Analysis	L	3	H	24.2	15	PCOS_Mouse_Model_Time_Series_Analysis
H06L3H	CTGCTATTCCTC	CCGGACTACHVGGGTWTCTAAT	H06	PCOS Study	PCOS_Mouse_Model_Time_Series_Analysis	L	3	H	25.2	16	PCOS_Mouse_Model_Time_Series_Analysis
H07L3I	ATGTCACCGCTG	CCGGACTACHVGGGTWTCTAAT	H07	PCOS Study	PCOS_Mouse_Model_Time_Series_Analysis	L	3	I	25	17	PCOS_Mouse_Model_Time_Series_Analysis
H08L3I	TGTAACGCCGAT	CCGGACTACHVGGGTWTCTAAT	H08	PCOS Study	PCOS_Mouse_Model_Time_Series_Analysis	L	3	I	21.8	18	PCOS_Mouse_Model_Time_Series_Analysis
H09L3J	AGCAGAACATCT	CCGGACTACHVGGGTWTCTAAT	H09	PCOS Study	PCOS_Mouse_Model_Time_Series_Analysis	L	3	J	21.1	19	PCOS_Mouse_Model_Time_Series_Analysis
H10L3J	TGGAGTAGGTGG	CCGGACTACHVGGGTWTCTAAT	H10	PCOS Study	PCOS_Mouse_Model_Time_Series_Analysis	L	3	J	20.9	20	PCOS_Mouse_Model_Time_Series_Analysis
A01P4A	TACCGCTTCTTC	CCGGACTACHVGGGTWTCTAAT	A01	PCOS Study	PCOS_Mouse_Model_Time_Series_Analysis	P	4	A	20.3	1	PCOS_Mouse_Model_Time_Series_Analysis
A02P4A	TGTGCGATAACA	CCGGACTACHVGGGTWTCTAAT	A02	PCOS Study	PCOS_Mouse_Model_Time_Series_Analysis	P	4	A	21.1	2	PCOS_Mouse_Model_Time_Series_Analysis
A03P4B	GATTATCGACGA	CCGGACTACHVGGGTWTCTAAT	A03	PCOS Study	PCOS_Mouse_Model_Time_Series_Analysis	P	4	B	19.4	3	PCOS_Mouse_Model_Time_Series_Analysis
A04P4B	GCCTAGCCCAAT	CCGGACTACHVGGGTWTCTAAT	A04	PCOS Study	PCOS_Mouse_Model_Time_Series_Analysis	P	4	B	19	4	PCOS_Mouse_Model_Time_Series_Analysis
A05P4C	GATGTATGTGGT	CCGGACTACHVGGGTWTCTAAT	A05	PCOS Study	PCOS_Mouse_Model_Time_Series_Analysis	P	4	C	20.6	5	PCOS_Mouse_Model_Time_Series_Analysis
A06P4C	ACTCCTTGTGTT	CCGGACTACHVGGGTWTCTAAT	A06	PCOS Study	PCOS_Mouse_Model_Time_Series_Analysis	P	4	C	19.8	6	PCOS_Mouse_Model_Time_Series_Analysis
A07P4D	GTCACGGACATT	CCGGACTACHVGGGTWTCTAAT	A07	PCOS Study	PCOS_Mouse_Model_Time_Series_Analysis	P	4	D	19.3	7	PCOS_Mouse_Model_Time_Series_Analysis
A08P4D	GCGAGCGAAGTA	CCGGACTACHVGGGTWTCTAAT	A08	PCOS Study	PCOS_Mouse_Model_Time_Series_Analysis	P	4	D	20.5	8	PCOS_Mouse_Model_Time_Series_Analysis
A09P4E	ATCTACCGAAGC	CCGGACTACHVGGGTWTCTAAT	A09	PCOS Study	PCOS_Mouse_Model_Time_Series_Analysis	P	4	E	19.6	9	PCOS_Mouse_Model_Time_Series_Analysis
A10P4E	ACTTGGTGTAAG	CCGGACTACHVGGGTWTCTAAT	A10	PCOS Study	PCOS_Mouse_Model_Time_Series_Analysis	P	4	E	19.5	10	PCOS_Mouse_Model_Time_Series_Analysis
B01L4F	GCACACCTGATA	CCGGACTACHVGGGTWTCTAAT	B01	PCOS Study	PCOS_Mouse_Model_Time_Series_Analysis	L	4	F	25.7	11	PCOS_Mouse_Model_Time_Series_Analysis
B02L4F	GCGACAATTACA	CCGGACTACHVGGGTWTCTAAT	B02	PCOS Study	PCOS_Mouse_Model_Time_Series_Analysis	L	4	F	23	12	PCOS_Mouse_Model_Time_Series_Analysis
B03L4G	TCATGCTCCATT	CCGGACTACHVGGGTWTCTAAT	B03	PCOS Study	PCOS_Mouse_Model_Time_Series_Analysis	L	4	G	23.6	13	PCOS_Mouse_Model_Time_Series_Analysis
B04L4G	AGCTGTCAAGCT	CCGGACTACHVGGGTWTCTAAT	B04	PCOS Study	PCOS_Mouse_Model_Time_Series_Analysis	L	4	G	24	14	PCOS_Mouse_Model_Time_Series_Analysis
B05L4H	GAGAGCAACAGA	CCGGACTACHVGGGTWTCTAAT	B05	PCOS Study	PCOS_Mouse_Model_Time_Series_Analysis	L	4	H	27	15	PCOS_Mouse_Model_Time_Series_Analysis
B06L4H	TACTCGGGAACT	CCGGACTACHVGGGTWTCTAAT	B06	PCOS Study	PCOS_Mouse_Model_Time_Series_Analysis	L	4	H	26.8	16	PCOS_Mouse_Model_Time_Series_Analysis
B07L4I	CGTGCTTAGGCT	CCGGACTACHVGGGTWTCTAAT	B07	PCOS Study	PCOS_Mouse_Model_Time_Series_Analysis	L	4	I	25.2	17	PCOS_Mouse_Model_Time_Series_Analysis
B08L4I	TACCGAAGGTAT	CCGGACTACHVGGGTWTCTAAT	B08	PCOS Study	PCOS_Mouse_Model_Time_Series_Analysis	L	4	I	24.1	18	PCOS_Mouse_Model_Time_Series_Analysis
B09L4J	CACTCATCATTC	CCGGACTACHVGGGTWTCTAAT	B09	PCOS Study	PCOS_Mouse_Model_Time_Series_Analysis	L	4	J	24.7	19	PCOS_Mouse_Model_Time_Series_Analysis
B10L4J	GTATTTCGGACG	CCGGACTACHVGGGTWTCTAAT	B10	PCOS Study	PCOS_Mouse_Model_Time_Series_Analysis	L	4	J	22.2	20	PCOS_Mouse_Model_Time_Series_Analysis
C01P5A	AGTAGCGGAAGA	CCGGACTACHVGGGTWTCTAAT	C01	PCOS Study	PCOS_Mouse_Model_Time_Series_Analysis	P	5	A	21	1	PCOS_Mouse_Model_Time_Series_Analysis
C02P5A	GCAATTAGGTAC	CCGGACTACHVGGGTWTCTAAT	C02	PCOS Study	PCOS_Mouse_Model_Time_Series_Analysis	P	5	A	21.4	2	PCOS_Mouse_Model_Time_Series_Analysis
C03P5B	CATACCGTGAGT	CCGGACTACHVGGGTWTCTAAT	C03	PCOS Study	PCOS_Mouse_Model_Time_Series_Analysis	P	5	B	19.9	3	PCOS_Mouse_Model_Time_Series_Analysis
C04P5B	ATGTGTGTAGAC	CCGGACTACHVGGGTWTCTAAT	C04	PCOS Study	PCOS_Mouse_Model_Time_Series_Analysis	P	5	B	19.8	4	PCOS_Mouse_Model_Time_Series_Analysis
C05P5C	CCTGCGAAGTAT	CCGGACTACHVGGGTWTCTAAT	C05	PCOS Study	PCOS_Mouse_Model_Time_Series_Analysis	P	5	C	22.5	5	PCOS_Mouse_Model_Time_Series_Analysis
C06P5C	TTCTCTCGACAT	CCGGACTACHVGGGTWTCTAAT	C06	PCOS Study	PCOS_Mouse_Model_Time_Series_Analysis	P	5	C	20.9	6	PCOS_Mouse_Model_Time_Series_Analysis
C07P5D	GCTCTCCGTAGA	CCGGACTACHVGGGTWTCTAAT	C07	PCOS Study	PCOS_Mouse_Model_Time_Series_Analysis	P	5	D	19.5	7	PCOS_Mouse_Model_Time_Series_Analysis
C08P5D	GTTAAGCTGACC	CCGGACTACHVGGGTWTCTAAT	C08	PCOS Study	PCOS_Mouse_Model_Time_Series_Analysis	P	5	D	21.3	8	PCOS_Mouse_Model_Time_Series_Analysis
C09P5E	ATGCCATGCCGT	CCGGACTACHVGGGTWTCTAAT	C09	PCOS Study	PCOS_Mouse_Model_Time_Series_Analysis	P	5	E	20.9	9	PCOS_Mouse_Model_Time_Series_Analysis
C10P5E	GACATTGTCACG	CCGGACTACHVGGGTWTCTAAT	C10	PCOS Study	PCOS_Mouse_Model_Time_Series_Analysis	P	5	E	20.6	10	PCOS_Mouse_Model_Time_Series_Analysis
D01L5F	TCCTCGAGCGAT	CCGGACTACHVGGGTWTCTAAT	D01	PCOS Study	PCOS_Mouse_Model_Time_Series_Analysis	L	5	F	25.4	11	PCOS_Mouse_Model_Time_Series_Analysis
D02L5F	ACCCAAGCGTTA	CCGGACTACHVGGGTWTCTAAT	D02	PCOS Study	PCOS_Mouse_Model_Time_Series_Analysis	L	5	F	24.2	12	PCOS_Mouse_Model_Time_Series_Analysis
D03L5G	TGCAGCAAGATT	CCGGACTACHVGGGTWTCTAAT	D03	PCOS Study	PCOS_Mouse_Model_Time_Series_Analysis	L	5	G	24.7	13	PCOS_Mouse_Model_Time_Series_Analysis
D04L5G	AGCAACATTGCA	CCGGACTACHVGGGTWTCTAAT	D04	PCOS Study	PCOS_Mouse_Model_Time_Series_Analysis	L	5	G	23.2	14	PCOS_Mouse_Model_Time_Series_Analysis
D05L5H	GATGTGGTGTTA	CCGGACTACHVGGGTWTCTAAT	D05	PCOS Study	PCOS_Mouse_Model_Time_Series_Analysis	L	5	H	27.1	15	PCOS_Mouse_Model_Time_Series_Analysis
D06L5H	CAGAAATGTGTC	CCGGACTACHVGGGTWTCTAAT	D06	PCOS Study	PCOS_Mouse_Model_Time_Series_Analysis	L	5	H	27	16	PCOS_Mouse_Model_Time_Series_Analysis
D07L5I	GTAGAGGTAGAG	CCGGACTACHVGGGTWTCTAAT	D07	PCOS Study	PCOS_Mouse_Model_Time_Series_Analysis	L	5	I	26.3	17	PCOS_Mouse_Model_Time_Series_Analysis
D08L5I	CGTGATCCGCTA	CCGGACTACHVGGGTWTCTAAT	D08	PCOS Study	PCOS_Mouse_Model_Time_Series_Analysis	L	5	I	24.6	18	PCOS_Mouse_Model_Time_Series_Analysis
D09L5J	GGTTATTTGGCG	CCGGACTACHVGGGTWTCTAAT	D09	PCOS Study	PCOS_Mouse_Model_Time_Series_Analysis	L	5	J	26.4	19	PCOS_Mouse_Model_Time_Series_Analysis
D10L5J	GGATCGTAATAC	CCGGACTACHVGGGTWTCTAAT	D10	PCOS Study	PCOS_Mouse_Model_Time_Series_Analysis	L	5	J	24	20	PCOS_Mouse_Model_Time_Series_Analysis
