Subject,Abund,Treat,Time,Individual,OTU_name
570.T1,6.86200507788376E-05,Placebo,1,1,Akkermansia
571.T1,9.09173561232839E-05,Placebo,1,2,Akkermansia
572.T1,7.6575541771958E-05,Placebo,1,3,Akkermansia
573.T1,2.38271104863113E-05,Placebo,1,4,Akkermansia
574.T1,9.22736220472441E-05,Placebo,1,5,Akkermansia
575.T1,5.40832882639264E-05,Placebo,1,6,Akkermansia
576.T1,7.54603078780561E-05,Placebo,1,7,Akkermansia
577.T1,7.21101843617047E-05,Placebo,1,8,Akkermansia
578.T1,0,Letrozole,1,9,Akkermansia
580.T1,0.000856482142347,Letrozole,1,10,Akkermansia
581.T1,0.004510013759364,Letrozole,1,11,Akkermansia
582.T1,0.000135342416313,Letrozole,1,12,Akkermansia
583.T1,2.74130321554867E-05,Letrozole,1,13,Akkermansia
584.T1,4.73989809219102E-05,Letrozole,1,14,Akkermansia
585.T1,0.000162846557831,Letrozole,1,15,Akkermansia
586.T1,0,Letrozole,1,16,Akkermansia
570.T2,3.27718424329816E-05,Placebo,2,1,Akkermansia
571.T2,7.55401117993655E-05,Placebo,2,2,Akkermansia
572.T2,0.000161160354553,Placebo,2,3,Akkermansia
573.T2,4.50004500045E-05,Placebo,2,4,Akkermansia
574.T2,0.000495724377246,Placebo,2,5,Akkermansia
575.T2,0.000586801480545,Placebo,2,6,Akkermansia
576.T2,0.000358271178712,Placebo,2,7,Akkermansia
577.T2,0.000103273778788,Placebo,2,8,Akkermansia
578.T2,7.44768004766515E-05,Letrozole,2,9,Akkermansia
580.T2,0.000997464777025,Letrozole,2,10,Akkermansia
581.T2,0.000760828215858,Letrozole,2,11,Akkermansia
582.T2,0.003425381655178,Letrozole,2,12,Akkermansia
583.T2,0.001257534365379,Letrozole,2,13,Akkermansia
584.T2,0.001801173668003,Letrozole,2,14,Akkermansia
585.T2,0.000175654312313,Letrozole,2,15,Akkermansia
586.T2,0.012565625268956,Letrozole,2,16,Akkermansia
570.T3,4.84742722799874E-05,Placebo,3,1,Akkermansia
571.T3,6.62317448753187E-05,Placebo,3,2,Akkermansia
572.T3,0.000796495420151,Placebo,3,3,Akkermansia
573.T3,0.000724733166425,Placebo,3,4,Akkermansia
574.T3,0.000117140598003,Placebo,3,5,Akkermansia
575.T3,0.000296306051228,Placebo,3,6,Akkermansia
576.T3,6.89156128320871E-05,Placebo,3,7,Akkermansia
577.T3,0.000191850203361,Placebo,3,8,Akkermansia
578.T3,0.000117921747129,Letrozole,3,9,Akkermansia
580.T3,0.002377937679503,Letrozole,3,10,Akkermansia
581.T3,0.001161119097645,Letrozole,3,11,Akkermansia
582.T3,0.000777499830978,Letrozole,3,12,Akkermansia
583.T3,0.000533749384135,Letrozole,3,13,Akkermansia
584.T3,0.012122823341752,Letrozole,3,14,Akkermansia
585.T3,0.001902065731853,Letrozole,3,15,Akkermansia
586.T3,0.010051341384048,Letrozole,3,16,Akkermansia
570.T4,0,Placebo,4,1,Akkermansia
571.T4,0.000211221122112,Placebo,4,2,Akkermansia
572.T4,0.0006826604252,Placebo,4,3,Akkermansia
573.T4,0.000415992604576,Placebo,4,4,Akkermansia
574.T4,0,Placebo,4,5,Akkermansia
575.T4,4.77076475359E-05,Placebo,4,6,Akkermansia
576.T4,0,Placebo,4,7,Akkermansia
577.T4,0,Placebo,4,8,Akkermansia
578.T4,0,Letrozole,4,9,Akkermansia
581.T4,0.001609417390905,Letrozole,4,11,Akkermansia
582.T4,0.000386295426856,Letrozole,4,12,Akkermansia
583.T4,5.10607878679568E-05,Letrozole,4,13,Akkermansia
584.T4,0.000263268744735,Letrozole,4,14,Akkermansia
585.T4,0.003828296815183,Letrozole,4,15,Akkermansia
586.T4,0.003110753553231,Letrozole,4,16,Akkermansia
570.T5,0.000136236069862,Placebo,5,1,Akkermansia
571.T5,0.000168164128189,Placebo,5,2,Akkermansia
572.T5,0.00014878738283,Placebo,5,3,Akkermansia
573.T5,0.000931805632247,Placebo,5,4,Akkermansia
574.T5,4.04301770841756E-05,Placebo,5,5,Akkermansia
575.T5,7.66361824962959E-05,Placebo,5,6,Akkermansia
576.T5,2.95980583673711E-05,Placebo,5,7,Akkermansia
577.T5,7.57996866946283E-05,Placebo,5,8,Akkermansia
578.T5,3.11235605353252E-05,Letrozole,5,9,Akkermansia
580.T5,0.005921766621054,Letrozole,5,10,Akkermansia
581.T5,0.001438417740485,Letrozole,5,11,Akkermansia
582.T5,0.001994861719813,Letrozole,5,12,Akkermansia
583.T5,0.009349470499244,Letrozole,5,13,Akkermansia
584.T5,0.000235349493999,Letrozole,5,14,Akkermansia
585.T5,5.0842718051707E-05,Letrozole,5,15,Akkermansia
586.T5,0.002720548643977,Letrozole,5,16,Akkermansia
570.T1,0.010293007616826,Placebo,1,1,Bifidobacterium
571.T1,0.003788223171804,Placebo,1,2,Bifidobacterium
572.T1,0.002067539627843,Placebo,1,3,Bifidobacterium
573.T1,0.022945507398318,Placebo,1,4,Bifidobacterium
574.T1,0.014948326771654,Placebo,1,5,Bifidobacterium
575.T1,0.010519199567334,Placebo,1,6,Bifidobacterium
576.T1,0.005470872321159,Placebo,1,7,Bifidobacterium
577.T1,0.000480734562411,Placebo,1,8,Bifidobacterium
578.T1,0.020172147428824,Letrozole,1,9,Bifidobacterium
580.T1,0.006252319639136,Letrozole,1,10,Bifidobacterium
581.T1,0.005197981959945,Letrozole,1,11,Bifidobacterium
582.T1,0.003699359379229,Letrozole,1,12,Bifidobacterium
583.T1,0.003125085665725,Letrozole,1,13,Bifidobacterium
584.T1,0.017964213769404,Letrozole,1,14,Bifidobacterium
585.T1,0.018198102837601,Letrozole,1,15,Bifidobacterium
586.T1,0.005746352413019,Letrozole,1,16,Bifidobacterium
570.T2,0.014059120403749,Placebo,2,1,Bifidobacterium
571.T2,0.004456866596163,Placebo,2,2,Bifidobacterium
572.T2,0.00795057749127,Placebo,2,3,Bifidobacterium
573.T2,0.011025110251103,Placebo,2,4,Bifidobacterium
574.T2,0.03129260131367,Placebo,2,5,Bifidobacterium
575.T2,0.003520808883272,Placebo,2,6,Bifidobacterium
576.T2,0.000814252678891,Placebo,2,7,Bifidobacterium
577.T2,0.000103273778788,Placebo,2,8,Bifidobacterium
578.T2,0.033551798614732,Letrozole,2,9,Bifidobacterium
580.T2,0.003740492913844,Letrozole,2,10,Bifidobacterium
581.T2,0.003097657735993,Letrozole,2,11,Bifidobacterium
582.T2,0.027529919228655,Letrozole,2,12,Bifidobacterium
583.T2,0.013702788257231,Letrozole,2,13,Bifidobacterium
584.T2,0.011213758642729,Letrozole,2,14,Bifidobacterium
585.T2,0.006499209555595,Letrozole,2,15,Bifidobacterium
586.T2,0.021860745330924,Letrozole,2,16,Bifidobacterium
570.T3,0.012845682154197,Placebo,3,1,Bifidobacterium
571.T3,0.011391860118555,Placebo,3,2,Bifidobacterium
572.T3,0.006770211071286,Placebo,3,3,Bifidobacterium
573.T3,0.019600737910133,Placebo,3,4,Bifidobacterium
574.T3,0.023779541394559,Placebo,3,5,Bifidobacterium
575.T3,0.003489826825575,Placebo,3,6,Bifidobacterium
576.T3,0.00130939664381,Placebo,3,7,Bifidobacterium
577.T3,0.003069603253779,Placebo,3,8,Bifidobacterium
578.T3,0.005754581259876,Letrozole,3,9,Bifidobacterium
580.T3,0.017047033754362,Letrozole,3,10,Bifidobacterium
581.T3,0.000608205241623,Letrozole,3,11,Bifidobacterium
582.T3,0.008451085119329,Letrozole,3,12,Bifidobacterium
583.T3,0.013590080472984,Letrozole,3,13,Bifidobacterium
584.T3,0.002844609863087,Letrozole,3,14,Bifidobacterium
585.T3,0.001017383996107,Letrozole,3,15,Bifidobacterium
586.T3,0.001952418829995,Letrozole,3,16,Bifidobacterium
570.T4,0.002114164904863,Placebo,4,1,Bifidobacterium
571.T4,0.008105610561056,Placebo,4,2,Bifidobacterium
572.T4,0.012677979325142,Placebo,4,3,Bifidobacterium
573.T4,0.013912641553039,Placebo,4,4,Bifidobacterium
574.T4,0.006717636579572,Placebo,4,5,Bifidobacterium
575.T4,0.00582033299938,Placebo,4,6,Bifidobacterium
576.T4,0.000371986067431,Placebo,4,7,Bifidobacterium
577.T4,0.001600660918056,Placebo,4,8,Bifidobacterium
578.T4,0.015431763940117,Letrozole,4,9,Bifidobacterium
581.T4,0.011587805214512,Letrozole,4,11,Bifidobacterium
582.T4,0.001248031379075,Letrozole,4,12,Bifidobacterium
583.T4,0.001353110878501,Letrozole,4,13,Bifidobacterium
584.T4,0.000315922493682,Letrozole,4,14,Bifidobacterium
585.T4,0.000407265618636,Letrozole,4,15,Bifidobacterium
586.T4,0.002252614641995,Letrozole,4,16,Bifidobacterium
570.T5,0.004850004087082,Placebo,5,1,Bifidobacterium
571.T5,0.008600393984529,Placebo,5,2,Bifidobacterium
572.T5,0.005313835101069,Placebo,5,3,Bifidobacterium
573.T5,0.004244892324683,Placebo,5,4,Bifidobacterium
574.T5,0.006468828333468,Placebo,5,5,Bifidobacterium
575.T5,0.014535329280131,Placebo,5,6,Bifidobacterium
576.T5,0.00056236310898,Placebo,5,7,Bifidobacterium
577.T5,0.000277932184547,Placebo,5,8,Bifidobacterium
578.T5,0.004450669156552,Letrozole,5,9,Bifidobacterium
580.T5,0.003302977398198,Letrozole,5,10,Bifidobacterium
581.T5,0.001408450704225,Letrozole,5,11,Bifidobacterium
582.T5,0.001481033701073,Letrozole,5,12,Bifidobacterium
583.T5,0.000907715582451,Letrozole,5,13,Bifidobacterium
584.T5,0.00341256766298,Letrozole,5,14,Bifidobacterium
585.T5,0.000457584462465,Letrozole,5,15,Bifidobacterium
586.T5,0.018108651911469,Letrozole,5,16,Bifidobacterium
570.T1,0.00233308172648,Placebo,1,1,Coprococcus
571.T1,0.005182289299027,Placebo,1,2,Coprococcus
572.T1,0.000153151083544,Placebo,1,3,Coprococcus
573.T1,0.000690986204103,Placebo,1,4,Coprococcus
574.T1,0.001322588582677,Placebo,1,5,Coprococcus
575.T1,0.002271498107085,Placebo,1,6,Coprococcus
576.T1,0.001433745849683,Placebo,1,7,Coprococcus
577.T1,0.001442203687234,Placebo,1,8,Coprococcus
578.T1,0.001103509159126,Letrozole,1,9,Coprococcus
580.T1,0.000371142261684,Letrozole,1,10,Coprococcus
581.T1,0.001911022779392,Letrozole,1,11,Coprococcus
582.T1,0.002391049354868,Letrozole,1,12,Coprococcus
583.T1,0.006003454042052,Letrozole,1,13,Coprococcus
584.T1,0.001374570446735,Letrozole,1,14,Coprococcus
585.T1,0.000773521149697,Letrozole,1,15,Coprococcus
586.T1,0.003726150392817,Letrozole,1,16,Coprococcus
570.T2,0.000983155272989,Placebo,2,1,Coprococcus
571.T2,0.00113310167699,Placebo,2,2,Coprococcus
572.T2,0.001772763900081,Placebo,2,3,Coprococcus
573.T2,0.001485014850149,Placebo,2,4,Coprococcus
574.T2,0.000402776056513,Placebo,2,5,Coprococcus
575.T2,0.001805543017062,Placebo,2,6,Coprococcus
576.T2,0.000586261928802,Placebo,2,7,Coprococcus
577.T2,0.002530207580295,Placebo,2,8,Coprococcus
578.T2,0.002830118418113,Letrozole,2,9,Coprococcus
580.T2,0.002078051618802,Letrozole,2,10,Coprococcus
581.T2,0.00086951796098,Letrozole,2,11,Coprococcus
582.T2,0.001268659872288,Letrozole,2,12,Coprococcus
583.T2,0.001387624127315,Letrozole,2,13,Coprococcus
584.T2,0.001336354656905,Letrozole,2,14,Coprococcus
585.T2,0.001493061654664,Letrozole,2,15,Coprococcus
586.T2,0.000516395558998,Letrozole,2,16,Coprococcus
570.T3,0.00094524830946,Placebo,3,1,Coprococcus
571.T3,0.002583038050137,Placebo,3,2,Coprococcus
572.T3,0.001393866985265,Placebo,3,3,Coprococcus
573.T3,0.001152984582949,Placebo,3,4,Coprococcus
574.T3,0.001083550531525,Placebo,3,5,Coprococcus
575.T3,0.003160597879766,Placebo,3,6,Coprococcus
576.T3,0.001860721546466,Placebo,3,7,Coprococcus
577.T3,0.000268590284706,Placebo,3,8,Coprococcus
578.T3,0.004834791632273,Letrozole,3,9,Coprococcus
580.T3,0.000247058460208,Letrozole,3,10,Coprococcus
581.T3,0.002266946809687,Letrozole,3,11,Coprococcus
582.T3,0.002028260428639,Letrozole,3,12,Coprococcus
583.T3,0.00353095746428,Letrozole,3,13,Coprococcus
584.T3,0.000186095972351,Letrozole,3,14,Coprococcus
585.T3,0.001105852169682,Letrozole,3,15,Coprococcus
586.T3,0.001663171595922,Letrozole,3,16,Coprococcus
570.T4,0.004228329809725,Placebo,4,1,Coprococcus
571.T4,0.001821782178218,Placebo,4,2,Coprococcus
572.T4,0.003267017749171,Placebo,4,3,Coprococcus
573.T4,0.001294199214236,Placebo,4,4,Coprococcus
574.T4,0.002523752969121,Placebo,4,5,Coprococcus
575.T4,0.002051428844044,Placebo,4,6,Coprococcus
576.T4,0.00307733928511,Placebo,4,7,Coprococcus
577.T4,0.000774513347447,Placebo,4,8,Coprococcus
578.T4,0.00214254719028,Letrozole,4,9,Coprococcus
581.T4,0.002253184347266,Letrozole,4,11,Coprococcus
582.T4,0.003833239235729,Letrozole,4,12,Coprococcus
583.T4,0.001736066787511,Letrozole,4,13,Coprococcus
584.T4,0.000895113732098,Letrozole,4,14,Coprococcus
585.T4,0.001466156227091,Letrozole,4,15,Coprococcus
586.T4,0.001984446232234,Letrozole,4,16,Coprococcus
570.T5,0.00149859676848,Placebo,5,1,Coprococcus
571.T5,0.001321289578629,Placebo,5,2,Coprococcus
572.T5,0.003018258337407,Placebo,5,3,Coprococcus
573.T5,0.001138873550525,Placebo,5,4,Coprococcus
574.T5,0.001415056197946,Placebo,5,5,Coprococcus
575.T5,0.001328360496602,Placebo,5,6,Coprococcus
576.T5,0.001361510684899,Placebo,5,7,Coprococcus
577.T5,0.000606397493557,Placebo,5,8,Coprococcus
578.T5,0.001493930905696,Letrozole,5,9,Coprococcus
580.T5,0.001557117916293,Letrozole,5,10,Coprococcus
581.T5,0.000988912196584,Letrozole,5,11,Coprococcus
582.T5,0.002025086897386,Letrozole,5,12,Coprococcus
583.T5,0.000695915279879,Letrozole,5,13,Coprococcus
584.T5,0.001082607672394,Letrozole,5,14,Coprococcus
585.T5,0.001601545618629,Letrozole,5,15,Coprococcus
586.T5,0.001076883838241,Letrozole,5,16,Coprococcus
570.T1,0.008783366499691,Placebo,1,1,Allobaculum
571.T1,0.003212413249689,Placebo,1,2,Allobaculum
572.T1,0.004160604436276,Placebo,1,3,Allobaculum
573.T1,0.031022897853177,Placebo,1,4,Allobaculum
574.T1,0.004952017716535,Placebo,1,5,Allobaculum
575.T1,0.012087614926988,Placebo,1,6,Allobaculum
576.T1,0.000264111077573,Placebo,1,7,Allobaculum
577.T1,0.000504771290532,Placebo,1,8,Allobaculum
578.T1,0.020790112557934,Letrozole,1,9,Allobaculum
580.T1,0.010391983327148,Letrozole,1,10,Allobaculum
581.T1,0.009707995719309,Letrozole,1,11,Allobaculum
582.T1,0.008819814129748,Letrozole,1,12,Allobaculum
583.T1,0.002659064119082,Letrozole,1,13,Allobaculum
584.T1,0.005308685863254,Letrozole,1,14,Allobaculum
585.T1,0.009037983959614,Letrozole,1,15,Allobaculum
586.T1,0.000628507295174,Letrozole,1,16,Allobaculum
570.T2,0.012682703021564,Placebo,2,1,Allobaculum
571.T2,0.004230246260764,Placebo,2,2,Allobaculum
572.T2,0.046091861402095,Placebo,2,3,Allobaculum
573.T2,0.021330213302133,Placebo,2,4,Allobaculum
574.T2,0.014128144751518,Placebo,2,5,Allobaculum
575.T2,0.010246456621829,Placebo,2,6,Allobaculum
576.T2,0.000814252678891,Placebo,2,7,Allobaculum
577.T2,0.000361458225756,Placebo,2,8,Allobaculum
578.T2,0.009309600059581,Letrozole,2,9,Allobaculum
580.T2,0.000748098582769,Letrozole,2,10,Allobaculum
581.T2,0.000380414107929,Letrozole,2,11,Allobaculum
582.T2,0.001818412483613,Letrozole,2,12,Allobaculum
583.T2,0.004423051905815,Letrozole,2,13,Allobaculum
584.T2,0.015164720237058,Letrozole,2,14,Allobaculum
585.T2,0.001668715966977,Letrozole,2,15,Allobaculum
586.T2,0.016954987520441,Letrozole,2,16,Allobaculum
570.T3,0.007537749339538,Placebo,3,1,Allobaculum
571.T3,0.011689902970494,Placebo,3,2,Allobaculum
572.T3,0.007566706491438,Placebo,3,3,Allobaculum
573.T3,0.007214389247595,Placebo,3,4,Allobaculum
574.T3,0.016458254019387,Placebo,3,5,Allobaculum
575.T3,0.001415684466978,Placebo,3,6,Allobaculum
576.T3,0.000482409289825,Placebo,3,7,Allobaculum
577.T3,0.000805770854117,Placebo,3,8,Allobaculum
578.T3,0.002382019291998,Letrozole,3,9,Allobaculum
580.T3,0.02365584756493,Letrozole,3,10,Allobaculum
581.T3,0.001492867411257,Letrozole,3,11,Allobaculum
582.T3,0.001757825704821,Letrozole,3,12,Allobaculum
583.T3,0.002668746920677,Letrozole,3,13,Allobaculum
584.T3,0.001541938056626,Letrozole,3,14,Allobaculum
585.T3,0.000796213562171,Letrozole,3,15,Allobaculum
586.T3,0.000723118085183,Letrozole,3,16,Allobaculum
570.T4,0.002114164904863,Placebo,4,1,Allobaculum
571.T4,0.002772277227723,Placebo,4,2,Allobaculum
572.T4,0.010142383460113,Placebo,4,3,Allobaculum
573.T4,0.01742546799168,Placebo,4,4,Allobaculum
574.T4,0.003303147268409,Placebo,4,5,Allobaculum
575.T4,0.005486379466629,Placebo,4,6,Allobaculum
576.T4,0.000642521389199,Placebo,4,7,Allobaculum
577.T4,0.000516342231631,Placebo,4,8,Allobaculum
578.T4,0.00216966804079,Letrozole,4,9,Allobaculum
581.T4,0.004552352048558,Letrozole,4,11,Allobaculum
582.T4,0.003833239235729,Letrozole,4,12,Allobaculum
583.T4,0.002272205060124,Letrozole,4,13,Allobaculum
584.T4,0.000421229991575,Letrozole,4,14,Allobaculum
585.T4,0.004113382748228,Letrozole,4,15,Allobaculum
586.T4,0.001233574684902,Letrozole,4,16,Allobaculum
570.T5,0.003133429606823,Placebo,5,1,Allobaculum
571.T5,0.005885744486619,Placebo,5,2,Allobaculum
572.T5,0.007885731289987,Placebo,5,3,Allobaculum
573.T5,0.010180839315296,Placebo,5,4,Allobaculum
574.T5,0.002486455890677,Placebo,5,5,Allobaculum
575.T5,0.007357073519644,Placebo,5,6,Allobaculum
576.T5,0.001331912626532,Placebo,5,7,Allobaculum
577.T5,0.000581130931325,Placebo,5,8,Allobaculum
578.T5,0.000809212573918,Letrozole,5,9,Allobaculum
580.T5,0.010640305761336,Letrozole,5,10,Allobaculum
581.T5,0.002906802517231,Letrozole,5,11,Allobaculum
582.T5,0.029590448843887,Letrozole,5,12,Allobaculum
583.T5,0.006202723146747,Letrozole,5,13,Allobaculum
584.T5,0.000847258178395,Letrozole,5,14,Allobaculum
585.T5,0.000533848539543,Letrozole,5,15,Allobaculum
586.T5,0.001530308612237,Letrozole,5,16,Allobaculum
570.T1,0.004940643656076,Placebo,1,1,Ruminococcus
571.T1,0.008546231475589,Placebo,1,2,Ruminococcus
572.T1,0.00158256119662,Placebo,1,3,Ruminococcus
573.T1,0.004741594986776,Placebo,1,4,Ruminococcus
574.T1,0.005444143700787,Placebo,1,5,Ruminococcus
575.T1,0.010248783126014,Placebo,1,6,Ruminococcus
576.T1,0.003810745547842,Placebo,1,7,Ruminococcus
577.T1,0.003485325577482,Placebo,1,8,Ruminococcus
578.T1,0.003089825645553,Letrozole,1,9,Ruminococcus
580.T1,0.001712964284695,Letrozole,1,10,Ruminococcus
581.T1,0.003898486469959,Letrozole,1,11,Ruminococcus
582.T1,0.003564016962916,Letrozole,1,12,Ruminococcus
583.T1,0.005427780366786,Letrozole,1,13,Ruminococcus
584.T1,0.001919658727337,Letrozole,1,14,Ruminococcus
585.T1,0.002727679843667,Letrozole,1,15,Ruminococcus
586.T1,0.01324354657688,Letrozole,1,16,Ruminococcus
570.T2,0.002490660024907,Placebo,2,1,Ruminococcus
571.T2,0.007629551291736,Placebo,2,2,Ruminococcus
572.T2,0.011173784582326,Placebo,2,3,Ruminococcus
573.T2,0.006030060300603,Placebo,2,4,Ruminococcus
574.T2,0.001735035320362,Placebo,2,5,Ruminococcus
575.T2,0.027489392434775,Placebo,2,6,Ruminococcus
576.T2,0.008435657753314,Placebo,2,7,Ruminococcus
577.T2,0.006764432510586,Placebo,2,8,Ruminococcus
578.T2,0.0062188128398,Letrozole,2,9,Ruminococcus
580.T2,0.004114542205228,Letrozole,2,10,Ruminococcus
581.T2,0.005217107765882,Letrozole,2,11,Ruminococcus
582.T2,0.004820907514695,Letrozole,2,12,Ruminococcus
583.T2,0.001647803651186,Letrozole,2,13,Ruminococcus
584.T2,0.004531985358201,Letrozole,2,14,Ruminococcus
585.T2,0.004742666432461,Letrozole,2,15,Ruminococcus
586.T2,0.00568035114898,Letrozole,2,16,Ruminococcus
570.T3,0.006374366804818,Placebo,3,1,Ruminococcus
571.T3,0.023379805940988,Placebo,3,2,Ruminococcus
572.T3,0.006106464887827,Placebo,3,3,Ruminococcus
573.T3,0.010343918829885,Placebo,3,4,Ruminococcus
574.T3,0.00339707734208,Placebo,3,5,Ruminococcus
575.T3,0.025087245670639,Placebo,3,6,Ruminococcus
576.T3,0.010165052892733,Placebo,3,7,Ruminococcus
577.T3,0.002302202440335,Placebo,3,8,Ruminococcus
578.T3,0.010990306832386,Letrozole,3,9,Ruminococcus
580.T3,0.001080880763411,Letrozole,3,10,Ruminococcus
581.T3,0.005086807475395,Letrozole,3,11,Ruminococcus
582.T3,0.004428368602529,Letrozole,3,12,Ruminococcus
583.T3,0.017613729676466,Letrozole,3,13,Ruminococcus
584.T3,0.000770969028313,Letrozole,3,14,Ruminococcus
585.T3,0.00389259963728,Letrozole,3,15,Ruminococcus
586.T3,0.020898112661798,Letrozole,3,16,Ruminococcus
570.T4,0,Placebo,4,1,Ruminococcus
571.T4,0.021042904290429,Placebo,4,2,Ruminococcus
572.T4,0.024331968012483,Placebo,4,3,Ruminococcus
573.T4,0.010446036514906,Placebo,4,4,Ruminococcus
574.T4,0.011839370546318,Placebo,4,5,Ruminococcus
575.T4,0.017985783121034,Placebo,4,6,Ruminococcus
576.T4,0.010855229785939,Placebo,4,7,Ruminococcus
577.T4,0.012392213559147,Placebo,4,8,Ruminococcus
578.T4,0.008895638967238,Letrozole,4,9,Ruminococcus
581.T4,0.003034901365706,Letrozole,4,11,Ruminococcus
582.T4,0.013609485038481,Letrozole,4,12,Ruminococcus
583.T4,0.017207485511502,Letrozole,4,13,Ruminococcus
584.T4,0.004264953664701,Letrozole,4,14,Ruminococcus
585.T4,0.003624664005865,Letrozole,4,15,Ruminococcus
586.T4,0.014534727809064,Letrozole,4,16,Ruminococcus
570.T5,0.00643034249748,Placebo,5,1,Ruminococcus
571.T5,0.009585355306779,Placebo,5,2,Ruminococcus
572.T5,0.029353625098306,Placebo,5,3,Ruminococcus
573.T5,0.008627829928216,Placebo,5,4,Ruminococcus
574.T5,0.00503355704698,Placebo,5,5,Ruminococcus
575.T5,0.010115976089511,Placebo,5,6,Ruminococcus
576.T5,0.010596104895519,Placebo,5,7,Ruminococcus
577.T5,0.012734347364698,Placebo,5,8,Ruminococcus
578.T5,0.002832244008715,Letrozole,5,9,Ruminococcus
580.T5,0.002288491483037,Letrozole,5,10,Ruminococcus
581.T5,0.008870242732994,Letrozole,5,11,Ruminococcus
582.T5,0.011455342300136,Letrozole,5,12,Ruminococcus
583.T5,0.002874432677761,Letrozole,5,13,Ruminococcus
584.T5,0.003812661802777,Letrozole,5,14,Ruminococcus
585.T5,0.00416910288024,Letrozole,5,15,Ruminococcus
586.T5,0.003825771530592,Letrozole,5,16,Ruminococcus
570.T1,0.406813971042337,Placebo,1,1,S24-7
571.T1,0.220959481164955,Placebo,1,2,S24-7
572.T1,0.614008219108154,Placebo,1,3,S24-7
573.T1,0.66689699540137,Placebo,1,4,S24-7
574.T1,0.218073326771654,Placebo,1,5,S24-7
575.T1,0.290454299621418,Placebo,1,6,S24-7
576.T1,0.357832779957746,Placebo,1,7,S24-7
577.T1,0.279402927673486,Placebo,1,8,S24-7
578.T1,0.536128889869785,Letrozole,1,9,S24-7
580.T1,0.691466582921748,Letrozole,1,10,S24-7
581.T1,0.319752331447791,Letrozole,1,11,S24-7
582.T1,0.473630785888301,Letrozole,1,12,S24-7
583.T1,0.487266646563774,Letrozole,1,13,S24-7
584.T1,0.355918947742623,Letrozole,1,14,S24-7
585.T1,0.417945690672962,Letrozole,1,15,S24-7
586.T1,0.09598204264871,Letrozole,1,16,S24-7
570.T2,0.340073408927049,Placebo,2,1,S24-7
571.T2,0.284559601148209,Placebo,2,2,S24-7
572.T2,0.445339779747515,Placebo,2,3,S24-7
573.T2,0.487489874898747,Placebo,2,4,S24-7
574.T2,0.511897385053909,Placebo,2,5,S24-7
575.T2,0.403493725738014,Placebo,2,6,S24-7
576.T2,0.34042275999088,Placebo,2,7,S24-7
577.T2,0.135650108437468,Placebo,2,8,S24-7
578.T2,0.303083339539735,Letrozole,2,9,S24-7
580.T2,0.373716803125392,Letrozole,2,10,S24-7
581.T2,0.116406717026248,Letrozole,2,11,S24-7
582.T2,0.161754133716751,Letrozole,2,12,S24-7
583.T2,0.395299423268722,Letrozole,2,13,S24-7
584.T2,0.274301318923944,Letrozole,2,14,S24-7
585.T2,0.118303179343053,Letrozole,2,15,S24-7
586.T2,0.302177467940443,Letrozole,2,16,S24-7
570.T3,0.471509246467436,Placebo,3,1,S24-7
571.T3,0.490975924760735,Placebo,3,2,S24-7
572.T3,0.260785875481215,Placebo,3,3,S24-7
573.T3,0.327151139807618,Placebo,3,4,S24-7
574.T3,0.5064866606144,Placebo,3,5,S24-7
575.T3,0.041877921906894,Placebo,3,6,S24-7
576.T3,0.254953309672306,Placebo,3,7,S24-7
577.T3,0.759765175351083,Placebo,3,8,S24-7
578.T3,0.271078512299239,Letrozole,3,9,S24-7
580.T3,0.76378122973348,Letrozole,3,10,S24-7
581.T3,0.218622138670794,Letrozole,3,11,S24-7
582.T3,0.378574809005476,Letrozole,3,12,S24-7
583.T3,0.202865823616357,Letrozole,3,13,S24-7
584.T3,0.588169613186231,Letrozole,3,14,S24-7
585.T3,0.278409342239129,Letrozole,3,15,S24-7
586.T3,0.264661219177091,Letrozole,3,16,S24-7
570.T4,0.606765327695561,Placebo,4,1,S24-7
571.T4,0.413676567656766,Placebo,4,2,S24-7
572.T4,0.296030817242053,Placebo,4,3,S24-7
573.T4,0.326415530390571,Placebo,4,4,S24-7
574.T4,0.166864608076009,Placebo,4,5,S24-7
575.T4,0.17709078765326,Placebo,4,6,S24-7
576.T4,0.289236075885158,Placebo,4,7,S24-7
577.T4,0.239531161253679,Placebo,4,8,S24-7
578.T4,0.350211542633979,Letrozole,4,9,S24-7
581.T4,0.521819101485257,Letrozole,4,11,S24-7
582.T4,0.196089501678899,Letrozole,4,12,S24-7
583.T4,0.282264035334062,Letrozole,4,13,S24-7
584.T4,0.230991996630159,Letrozole,4,14,S24-7
585.T4,0.42416714180989,Letrozole,4,15,S24-7
586.T4,0.310297666934836,Letrozole,4,16,S24-7
570.T5,0.439197842020653,Placebo,5,1,S24-7
571.T5,0.377120069187527,Placebo,5,2,S24-7
572.T5,0.436839755988692,Placebo,5,3,S24-7
573.T5,0.633282716731088,Placebo,5,4,S24-7
574.T5,0.526946713026606,Placebo,5,5,S24-7
575.T5,0.561845399274515,Placebo,5,6,S24-7
576.T5,0.582874563428638,Placebo,5,7,S24-7
577.T5,0.421269392086515,Placebo,5,8,S24-7
578.T5,0.489200124494241,Letrozole,5,9,S24-7
580.T5,0.69225687727079,Letrozole,5,10,S24-7
581.T5,0.544680851063833,Letrozole,5,11,S24-7
582.T5,0.301979749131027,Letrozole,5,12,S24-7
583.T5,0.500756429652039,Letrozole,5,13,S24-7
584.T5,0.583549070369502,Letrozole,5,14,S24-7
585.T5,0.178966367542009,Letrozole,5,15,S24-7
586.T5,0.456400374075438,Letrozole,5,16,S24-7
570.T1,0.009057846702807,Placebo,1,1,Erysipelotrichaceae
571.T1,0.00342455374731,Placebo,1,2,Erysipelotrichaceae
572.T1,0.005156086479312,Placebo,1,3,Erysipelotrichaceae
573.T1,0.031999809383116,Placebo,1,4,Erysipelotrichaceae
574.T1,0.005843996062992,Placebo,1,5,Erysipelotrichaceae
575.T1,0.012303948080043,Placebo,1,6,Erysipelotrichaceae
576.T1,0.000490492001207,Placebo,1,7,Erysipelotrichaceae
577.T1,0.004062207052376,Placebo,1,8,Erysipelotrichaceae
578.T1,0.020834252924299,Letrozole,1,9,Erysipelotrichaceae
580.T1,0.010877323207811,Letrozole,1,10,Erysipelotrichaceae
581.T1,0.010090200275187,Letrozole,1,11,Erysipelotrichaceae
582.T1,0.00891004240729,Letrozole,1,12,Erysipelotrichaceae
583.T1,0.002823542312015,Letrozole,1,13,Erysipelotrichaceae
584.T1,0.005403483825098,Letrozole,1,14,Erysipelotrichaceae
585.T1,0.00964865855148,Letrozole,1,15,Erysipelotrichaceae
586.T1,0.000852974186308,Letrozole,1,16,Erysipelotrichaceae
570.T2,0.01340368355509,Placebo,2,1,Erysipelotrichaceae
571.T2,0.004607946819761,Placebo,2,2,Erysipelotrichaceae
572.T2,0.046790222938491,Placebo,2,3,Erysipelotrichaceae
573.T2,0.021690216902169,Placebo,2,4,Erysipelotrichaceae
574.T2,0.014190110298674,Placebo,2,5,Erysipelotrichaceae
575.T2,0.010381872348109,Placebo,2,6,Erysipelotrichaceae
576.T2,0.008728788717715,Placebo,2,7,Erysipelotrichaceae
577.T2,0.007745533409067,Placebo,2,8,Erysipelotrichaceae
578.T2,0.009309600059581,Letrozole,2,9,Erysipelotrichaceae
580.T2,0.001537758197914,Letrozole,2,10,Erysipelotrichaceae
581.T2,0.002173794902451,Letrozole,2,11,Erysipelotrichaceae
582.T2,0.002917917706263,Letrozole,2,12,Erysipelotrichaceae
583.T2,0.004900047699579,Letrozole,2,13,Erysipelotrichaceae
584.T2,0.015280924989832,Letrozole,2,14,Erysipelotrichaceae
585.T2,0.001932197435447,Letrozole,2,15,Erysipelotrichaceae
586.T2,0.01729925122644,Letrozole,2,16,Erysipelotrichaceae
570.T3,0.007974017790058,Placebo,3,1,Erysipelotrichaceae
571.T3,0.012285988674372,Placebo,3,2,Erysipelotrichaceae
572.T3,0.008894198858357,Placebo,3,3,Erysipelotrichaceae
573.T3,0.007873237580709,Placebo,3,4,Erysipelotrichaceae
574.T3,0.01657539461739,Placebo,3,5,Erysipelotrichaceae
575.T3,0.001679067623625,Placebo,3,6,Erysipelotrichaceae
576.T3,0.0027910823197,Placebo,3,7,Erysipelotrichaceae
577.T3,0.001726651830251,Placebo,3,8,Erysipelotrichaceae
578.T3,0.002405603641424,Letrozole,3,9,Erysipelotrichaceae
580.T3,0.024026435255242,Letrozole,3,10,Erysipelotrichaceae
581.T3,0.003815105606547,Letrozole,3,11,Erysipelotrichaceae
582.T3,0.001859238726252,Letrozole,3,12,Erysipelotrichaceae
583.T3,0.003079323370012,Letrozole,3,13,Erysipelotrichaceae
584.T3,0.002153396251495,Letrozole,3,14,Erysipelotrichaceae
585.T3,0.001105852169682,Letrozole,3,15,Erysipelotrichaceae
586.T3,0.000940053510738,Letrozole,3,16,Erysipelotrichaceae
570.T4,0.004228329809725,Placebo,4,1,Erysipelotrichaceae
571.T4,0.003405940594059,Placebo,4,2,Erysipelotrichaceae
572.T4,0.01077628242637,Placebo,4,3,Erysipelotrichaceae
573.T4,0.017795239195748,Placebo,4,4,Erysipelotrichaceae
574.T4,0.003414489311164,Placebo,4,5,Erysipelotrichaceae
575.T4,0.0055817947617,Placebo,4,6,Erysipelotrichaceae
576.T4,0.001961381082818,Placebo,4,7,Erysipelotrichaceae
577.T4,0.001032684463262,Placebo,4,8,Erysipelotrichaceae
578.T4,0.0021967888913,Letrozole,4,9,Erysipelotrichaceae
581.T4,0.005242102358946,Letrozole,4,11,Erysipelotrichaceae
582.T4,0.0038926693014,Letrozole,4,12,Erysipelotrichaceae
583.T4,0.002425387423728,Letrozole,4,13,Erysipelotrichaceae
584.T4,0.000842459983151,Letrozole,4,14,Erysipelotrichaceae
585.T4,0.004317015557547,Letrozole,4,15,Erysipelotrichaceae
586.T4,0.001448109412711,Letrozole,4,16,Erysipelotrichaceae
570.T5,0.003841857170104,Placebo,5,1,Erysipelotrichaceae
571.T5,0.006534377552491,Placebo,5,2,Erysipelotrichaceae
572.T5,0.008055774013221,Placebo,5,3,Erysipelotrichaceae
573.T5,0.01035339591386,Placebo,5,4,Erysipelotrichaceae
574.T5,0.002506670979219,Placebo,5,5,Erysipelotrichaceae
575.T5,0.007484800490472,Placebo,5,6,Erysipelotrichaceae
576.T5,0.003226188362043,Placebo,5,7,Erysipelotrichaceae
577.T5,0.001086462175956,Placebo,5,8,Erysipelotrichaceae
578.T5,0.001089324618736,Letrozole,5,9,Erysipelotrichaceae
580.T5,0.010994196196858,Letrozole,5,10,Erysipelotrichaceae
581.T5,0.003056637698532,Letrozole,5,11,Erysipelotrichaceae
582.T5,0.029892700619616,Letrozole,5,12,Erysipelotrichaceae
583.T5,0.006354009077156,Letrozole,5,13,Erysipelotrichaceae
584.T5,0.002612379383384,Letrozole,5,14,Erysipelotrichaceae
585.T5,0.002033708722068,Letrozole,5,15,Erysipelotrichaceae
586.T5,0.001813699095984,Letrozole,5,16,Erysipelotrichaceae
570.T1,0.09325464900844,Placebo,1,1,Lachnospiraceae
571.T1,0.136345728399551,Placebo,1,2,Lachnospiraceae
572.T1,0.011409755724022,Placebo,1,3,Lachnospiraceae
573.T1,0.042388429555148,Placebo,1,4,Lachnospiraceae
574.T1,0.081477608267717,Placebo,1,5,Lachnospiraceae
575.T1,0.085640886965928,Placebo,1,6,Lachnospiraceae
576.T1,0.06017959553275,Placebo,1,7,Lachnospiraceae
577.T1,0.06725476528135,Placebo,1,8,Lachnospiraceae
578.T1,0.056411388214522,Letrozole,1,9,Lachnospiraceae
580.T1,0.032317926171239,Letrozole,1,10,Lachnospiraceae
581.T1,0.045864546705397,Letrozole,1,11,Lachnospiraceae
582.T1,0.074348100694758,Letrozole,1,12,Lachnospiraceae
583.T1,0.073823295594726,Letrozole,1,13,Lachnospiraceae
584.T1,0.03052494371371,Letrozole,1,14,Lachnospiraceae
585.T1,0.041485160607418,Letrozole,1,15,Lachnospiraceae
586.T1,0.116902356902357,Letrozole,1,16,Lachnospiraceae
570.T2,0.027462803958839,Placebo,2,1,Lachnospiraceae
571.T2,0.103338872941532,Placebo,2,2,Lachnospiraceae
572.T2,0.064302981466559,Placebo,2,3,Lachnospiraceae
573.T2,0.042615426154262,Placebo,2,4,Lachnospiraceae
574.T2,0.022958235221217,Placebo,2,5,Lachnospiraceae
575.T2,0.064503024284554,Placebo,2,6,Lachnospiraceae
576.T2,0.071817086278214,Placebo,2,7,Lachnospiraceae
577.T2,0.09568315604668,Placebo,2,8,Lachnospiraceae
578.T2,0.097117747821554,Letrozole,2,9,Lachnospiraceae
580.T2,0.060886912430905,Letrozole,2,10,Lachnospiraceae
581.T2,0.09042986794196,Letrozole,2,11,Lachnospiraceae
582.T2,0.096164418319449,Letrozole,2,12,Lachnospiraceae
583.T2,0.026191405403062,Letrozole,2,13,Lachnospiraceae
584.T2,0.067282551856371,Letrozole,2,14,Lachnospiraceae
585.T2,0.146320042157035,Letrozole,2,15,Lachnospiraceae
586.T2,0.017729580858938,Letrozole,2,16,Lachnospiraceae
570.T3,0.073559708184881,Placebo,3,1,Lachnospiraceae
571.T3,0.141404775308805,Placebo,3,2,Lachnospiraceae
572.T3,0.08675162617815,Placebo,3,3,Lachnospiraceae
573.T3,0.08117011463961,Placebo,3,4,Lachnospiraceae
574.T3,0.02468738102908,Placebo,3,5,Lachnospiraceae
575.T3,0.135675248567854,Placebo,3,6,Lachnospiraceae
576.T3,0.119499672650839,Placebo,3,7,Lachnospiraceae
577.T3,0.016806077814443,Placebo,3,8,Lachnospiraceae
578.T3,0.150703992830358,Letrozole,3,9,Lachnospiraceae
580.T3,0.01318674531361,Letrozole,3,10,Lachnospiraceae
581.T3,0.169855136569722,Letrozole,3,11,Lachnospiraceae
582.T3,0.105131498884457,Letrozole,3,12,Lachnospiraceae
583.T3,0.11882082443751,Letrozole,3,13,Lachnospiraceae
584.T3,0.011298684035624,Letrozole,3,14,Lachnospiraceae
585.T3,0.077055779183439,Letrozole,3,15,Lachnospiraceae
586.T3,0.082218526285342,Letrozole,3,16,Lachnospiraceae
570.T4,0.033826638477801,Placebo,4,1,Lachnospiraceae
571.T4,0.146244224422442,Placebo,4,2,Lachnospiraceae
572.T4,0.182855471035693,Placebo,4,3,Lachnospiraceae
573.T4,0.087219782759418,Placebo,4,4,Lachnospiraceae
574.T4,0.171689429928741,Placebo,4,5,Lachnospiraceae
575.T4,0.092982205047469,Placebo,4,6,Lachnospiraceae
576.T4,0.136315985255825,Placebo,4,7,Lachnospiraceae
577.T4,0.200650591211855,Placebo,4,8,Lachnospiraceae
578.T4,0.076101106530701,Letrozole,4,9,Lachnospiraceae
581.T4,0.048788338621419,Letrozole,4,11,Lachnospiraceae
582.T4,0.150268921047158,Letrozole,4,12,Lachnospiraceae
583.T4,0.077306032832087,Letrozole,4,13,Lachnospiraceae
584.T4,0.131423757371525,Letrozole,4,14,Lachnospiraceae
585.T4,0.069642420786837,Letrozole,4,15,Lachnospiraceae
586.T4,0.109627245910432,Letrozole,4,16,Lachnospiraceae
570.T5,0.047355657883981,Placebo,5,1,Lachnospiraceae
571.T5,0.132753567481862,Placebo,5,2,Lachnospiraceae
572.T5,0.109124917635556,Placebo,5,3,Lachnospiraceae
573.T5,0.03841109884042,Placebo,5,4,Lachnospiraceae
574.T5,0.06893345192852,Placebo,5,5,Lachnospiraceae
575.T5,0.051218515301691,Placebo,5,6,Lachnospiraceae
576.T5,0.061682353637601,Placebo,5,7,Lachnospiraceae
577.T5,0.147809389054525,Placebo,5,8,Lachnospiraceae
578.T5,0.036788048552754,Letrozole,5,9,Lachnospiraceae
580.T5,0.03996602651819,Letrozole,5,10,Lachnospiraceae
581.T5,0.047497752472281,Letrozole,5,11,Lachnospiraceae
582.T5,0.077739156717546,Letrozole,5,12,Lachnospiraceae
583.T5,0.025264750378215,Letrozole,5,13,Lachnospiraceae
584.T5,0.048717345257708,Letrozole,5,14,Lachnospiraceae
585.T5,0.132750336833007,Letrozole,5,15,Lachnospiraceae
586.T5,0.037747612435175,Letrozole,5,16,Lachnospiraceae
570.T1,0.023536677417141,Placebo,1,1,Lactobacillus
571.T1,0.010819165378671,Placebo,1,2,Lactobacillus
572.T1,0.005002935395768,Placebo,1,3,Lactobacillus
573.T1,0.021110819890872,Placebo,1,4,Lactobacillus
574.T1,0.012364665354331,Placebo,1,5,Lactobacillus
575.T1,0.00565170362358,Placebo,1,6,Lactobacillus
576.T1,0.046370359191066,Placebo,1,7,Lactobacillus
577.T1,0.016633415859433,Placebo,1,8,Lactobacillus
578.T1,0.008916354005738,Letrozole,1,9,Lactobacillus
580.T1,0.029634282125218,Letrozole,1,10,Lactobacillus
581.T1,0.006650359272283,Letrozole,1,11,Lactobacillus
582.T1,0.004060272489398,Letrozole,1,12,Lactobacillus
583.T1,0.00224786863675,Letrozole,1,13,Lactobacillus
584.T1,0.053039459651618,Letrozole,1,14,Lactobacillus
585.T1,0.011887798721655,Letrozole,1,15,Lactobacillus
586.T1,0.004130190796857,Letrozole,1,16,Lactobacillus
570.T2,0.062004325883201,Placebo,2,1,Lactobacillus
571.T2,0.024474996222994,Placebo,2,2,Lactobacillus
572.T2,0.003921568627451,Placebo,2,3,Lactobacillus
573.T2,0.011880118801188,Placebo,2,4,Lactobacillus
574.T2,0.034266947577147,Placebo,2,5,Lactobacillus
575.T2,0.001895820167916,Placebo,2,6,Lactobacillus
576.T2,0.039116698693939,Placebo,2,7,Lactobacillus
577.T2,0.012186305896933,Placebo,2,8,Lactobacillus
578.T2,0.025694496164445,Letrozole,2,9,Lactobacillus
580.T2,0.029009600598479,Letrozole,2,10,Lactobacillus
581.T2,0.026411608064779,Letrozole,2,11,Lactobacillus
582.T2,0.033661775278048,Letrozole,2,12,Lactobacillus
583.T2,0.114001994709683,Letrozole,2,13,Lactobacillus
584.T2,0.080413688919877,Letrozole,2,14,Lactobacillus
585.T2,0.013964517828913,Letrozole,2,15,Lactobacillus
586.T2,0.04561494104484,Letrozole,2,16,Lactobacillus
570.T3,0.005816912673599,Placebo,3,1,Lactobacillus
571.T3,0.006292015763155,Placebo,3,2,Lactobacillus
572.T3,0.004845347139254,Placebo,3,3,Lactobacillus
573.T3,0.027704572407432,Placebo,3,4,Lactobacillus
574.T3,0.009664099335227,Placebo,3,5,Lactobacillus
575.T3,0.012148548100349,Placebo,3,6,Lactobacillus
576.T3,0.00296337135178,Placebo,3,7,Lactobacillus
577.T3,0.010590131225539,Placebo,3,8,Lactobacillus
578.T3,0.010400698096743,Letrozole,3,9,Lactobacillus
580.T3,0.04289552515364,Letrozole,3,10,Lactobacillus
581.T3,0.012827601459693,Letrozole,3,11,Lactobacillus
582.T3,0.036069231289298,Letrozole,3,12,Lactobacillus
583.T3,0.014164887502053,Letrozole,3,13,Lactobacillus
584.T3,0.097594044928885,Letrozole,3,14,Lactobacillus
585.T3,0.004467642765515,Letrozole,3,15,Lactobacillus
586.T3,0.010774459469231,Letrozole,3,16,Lactobacillus
570.T4,0.004228329809725,Placebo,4,1,Lactobacillus
571.T4,0.004382838283828,Placebo,4,2,Lactobacillus
572.T4,0.009020869904428,Placebo,4,3,Lactobacillus
573.T4,0.014005084354056,Placebo,4,4,Lactobacillus
574.T4,0.010280581947744,Placebo,4,5,Lactobacillus
575.T4,0.007633223605744,Placebo,4,6,Lactobacillus
576.T4,0.002942071624226,Placebo,4,7,Lactobacillus
577.T4,0.004130737853049,Placebo,4,8,Lactobacillus
578.T4,0.016489477110002,Letrozole,4,9,Lactobacillus
581.T4,0.054398307812572,Letrozole,4,11,Lactobacillus
582.T4,0.012004873265385,Letrozole,4,12,Lactobacillus
583.T4,0.005642217059409,Letrozole,4,13,Lactobacillus
584.T4,0.008108677337826,Letrozole,4,14,Lactobacillus
585.T4,0.00647552333632,Letrozole,4,15,Lactobacillus
586.T4,0.010136765888978,Letrozole,4,16,Lactobacillus
570.T5,0.004877251301054,Placebo,5,1,Lactobacillus
571.T5,0.007687503002931,Placebo,5,2,Lactobacillus
572.T5,0.00293323697579,Placebo,5,3,Lactobacillus
573.T5,0.008972943125345,Placebo,5,4,Lactobacillus
574.T5,0.005073987224064,Placebo,5,5,Lactobacillus
575.T5,0.007152710366321,Placebo,5,6,Lactobacillus
576.T5,0.009589770911028,Placebo,5,7,Lactobacillus
577.T5,0.002956187781091,Placebo,5,8,Lactobacillus
578.T5,0.00239651416122,Letrozole,5,9,Lactobacillus
580.T5,0.033643184070212,Letrozole,5,10,Lactobacillus
581.T5,0.025861552292478,Letrozole,5,11,Lactobacillus
582.T5,0.01066948768324,Letrozole,5,12,Lactobacillus
583.T5,0.002057488653555,Letrozole,5,13,Lactobacillus
584.T5,0.008966815721346,Letrozole,5,14,Lactobacillus
585.T5,0.005160535882248,Letrozole,5,15,Lactobacillus
586.T5,0.018618754782214,Letrozole,5,16,Lactobacillus
570.T1,0.02360529746792,Placebo,1,1,Oscillospira
571.T1,0.032881777131254,Placebo,1,2,Oscillospira
572.T1,0.005590014549353,Placebo,1,3,Oscillospira
573.T1,0.007958254902428,Placebo,1,4,Oscillospira
574.T1,0.027528297244095,Placebo,1,5,Oscillospira
575.T1,0.028285559762034,Placebo,1,6,Oscillospira
576.T1,0.011205855719891,Placebo,1,7,Oscillospira
577.T1,0.016657452587554,Placebo,1,8,Oscillospira
578.T1,0.00569410726109,Letrozole,1,9,Oscillospira
580.T1,0.003882719045308,Letrozole,1,10,Oscillospira
581.T1,0.027900932579116,Letrozole,1,11,Oscillospira
582.T1,0.016805016692231,Letrozole,1,12,Oscillospira
583.T1,0.019024644315908,Letrozole,1,13,Oscillospira
584.T1,0.005735276691551,Letrozole,1,14,Oscillospira
585.T1,0.015755404470138,Letrozole,1,15,Oscillospira
586.T1,0.036408529741863,Letrozole,1,16,Oscillospira
570.T2,0.007242577177689,Placebo,2,1,Oscillospira
571.T2,0.024172835775797,Placebo,2,2,Oscillospira
572.T2,0.023314531291969,Placebo,2,3,Oscillospira
573.T2,0.015525155251553,Placebo,2,4,Oscillospira
574.T2,0.003563018961457,Placebo,2,5,Oscillospira
575.T2,0.028888688272998,Placebo,2,6,Oscillospira
576.T2,0.009087059896427,Placebo,2,7,Oscillospira
577.T2,0.037591655478674,Placebo,2,8,Oscillospira
578.T2,0.015938035302004,Letrozole,2,9,Oscillospira
580.T2,0.026889987947301,Letrozole,2,10,Oscillospira
581.T2,0.036574099233737,Letrozole,2,11,Oscillospira
582.T2,0.028629424451305,Letrozole,2,12,Oscillospira
583.T2,0.00914964658948,Letrozole,2,13,Oscillospira
584.T2,0.025739352739527,Letrozole,2,14,Oscillospira
585.T2,0.039346565958194,Letrozole,2,15,Oscillospira
586.T2,0.010672174885963,Letrozole,2,16,Oscillospira
570.T3,0.014445333139436,Placebo,3,1,Oscillospira
571.T3,0.022518793257608,Placebo,3,2,Oscillospira
572.T3,0.025288729589805,Placebo,3,3,Oscillospira
573.T3,0.017360653577547,Placebo,3,4,Oscillospira
574.T3,0.006062025946642,Placebo,3,5,Oscillospira
575.T3,0.044017910054652,Placebo,3,6,Oscillospira
576.T3,0.041762861376245,Placebo,3,7,Oscillospira
577.T3,0.005678766019492,Placebo,3,8,Oscillospira
578.T3,0.031272847338506,Letrozole,3,9,Oscillospira
580.T3,0.006114696890152,Letrozole,3,10,Oscillospira
581.T3,0.057724206568617,Letrozole,3,11,Oscillospira
582.T3,0.024170103441282,Letrozole,3,12,Oscillospira
583.T3,0.037608802759074,Letrozole,3,13,Oscillospira
584.T3,0.005157516948026,Letrozole,3,14,Oscillospira
585.T3,0.020391914008935,Letrozole,3,15,Oscillospira
586.T3,0.049172029792465,Letrozole,3,16,Oscillospira
570.T4,0.012684989429176,Placebo,4,1,Oscillospira
571.T4,0.028937293729373,Placebo,4,2,Oscillospira
572.T4,0.031889994148625,Placebo,4,3,Oscillospira
573.T4,0.028472382713196,Placebo,4,4,Oscillospira
574.T4,0.041159441805226,Placebo,4,5,Oscillospira
575.T4,0.031153093840943,Placebo,4,6,Oscillospira
576.T4,0.038044029623618,Placebo,4,7,Oscillospira
577.T4,0.0600506015387,Placebo,4,8,Oscillospira
578.T4,0.033412887828162,Letrozole,4,9,Oscillospira
581.T4,0.010346254655815,Letrozole,4,11,Oscillospira
582.T4,0.038540397587139,Letrozole,4,12,Oscillospira
583.T4,0.034976639689551,Letrozole,4,13,Oscillospira
584.T4,0.042228306655434,Letrozole,4,14,Oscillospira
585.T4,0.019508023132687,Letrozole,4,15,Oscillospira
586.T4,0.035800482703138,Letrozole,4,16,Oscillospira
570.T5,0.027437944470178,Placebo,5,1,Oscillospira
571.T5,0.018930476144717,Placebo,5,2,Oscillospira
572.T5,0.027908261950815,Placebo,5,3,Oscillospira
573.T5,0.019844008834898,Placebo,5,4,Oscillospira
574.T5,0.013099377375273,Placebo,5,5,Oscillospira
575.T5,0.012619424717723,Placebo,5,6,Oscillospira
576.T5,0.023204877760019,Placebo,5,7,Oscillospira
577.T5,0.062357875587448,Placebo,5,8,Oscillospira
578.T5,0.022813569872393,Letrozole,5,9,Oscillospira
580.T5,0.012433350634644,Letrozole,5,10,Oscillospira
581.T5,0.024273299370692,Letrozole,5,11,Oscillospira
582.T5,0.035151881517304,Letrozole,5,12,Oscillospira
583.T5,0.012375189107413,Letrozole,5,13,Oscillospira
584.T5,0.01506236761591,Letrozole,5,14,Oscillospira
585.T5,0.033988357017566,Letrozole,5,15,Oscillospira
586.T5,0.017258480460226,Letrozole,5,16,Oscillospira
