#SampleID	BarcodeSequence	LinkerPrimerSequence	TSRI_Seq_plate	Well_Position	Sequenc_ Name	Sequence	PCR_Date	Mouse	Cage	Week	mouse.time	Cecum	weight	Category	type	Lh	Insulin	Testosterone	Weight_g	observed_SVs1250	pielou_e1250	faith_pd1250	shannon1250	FBG	individual	Description
570.T0	CACGTTTATTCC	CCGGACTACHVGGGTWTCTAAT	Plate1	A01	806rcbc214	CAC GTT TAT TCC CCG GAC TAC HVG GGT WTC TAA T	3_20_18	570	A	0	570.T0	NA	15.3	Placebo	fecal	NA	NA	NA	15.3	174	0.938056042	8.544578256	6.981898119	NA	1	570.T0
570.T1	GTTGATACGATG	CCGGACTACHVGGGTWTCTAAT	Plate1	C09	806rcbc246	GTT GAT ACG ATG CCG GAC TAC HVG GGT WTC TAA T	3_20_18	570	A	1	570.T1	NA	17.6	Placebo	fecal	NA	NA	NA	17.6	237	0.952322482	9.996756629	7.512627549	NA	1	570.T1
570.T2	AGTGTTTCGGAC	CCGGACTACHVGGGTWTCTAAT	Plate1	F05	806rcbc160	AGT GTT TCG GAC CCG GAC TAC HVG GGT WTC TAA T	3_15_18	570	A	2	570.T2	NA	17.6	Placebo	fecal	NA	NA	NA	17.6	228	0.939512669	12.16292973	7.359099402	NA	1	570.T2
570.T3	TCCCTTGTCTCC	CCGGACTACHVGGGTWTCTAAT	Plate2	A01	806rcbc0	TCC CTT GTC TCC CCG GAC TAC HVG GGT WTC TAA T	3_16_18	570	A	3	570.T3	NA	18.1	Placebo	fecal	NA	NA	NA	18.1	255	0.942113173	11.90019997	7.531585682	NA	1	570.T3
570.T4	GCATATGCACTG	CCGGACTACHVGGGTWTCTAAT	Plate2	C09	806rcbc32	GCA TAT GCA CTG CCG GAC TAC HVG GGT WTC TAA T	3_16_18	570	A	4	570.T4	NA	18.8	Placebo	fecal	NA	NA	NA	18.8	NA	NA	NA	NA	NA	1	570.T4
570.T5	TCTCTACCACTC	CCGGACTACHVGGGTWTCTAAT	Plate2	F05	806rcbc64	TCT CTA CCA CTC CCG GAC TAC HVG GGT WTC TAA T	3_17_18	570	A	5	570.T5	NA	19.1	Placebo	fecal	0.472	396.3	46.2	19.1	266	0.946301109	11.99890497	7.622722703	NA	1	570.T5
571.T0	GCAACGAACGAG	CCGGACTACHVGGGTWTCTAAT	Plate1	A02	806rcbc215	GCA ACG AAC GAG CCG GAC TAC HVG GGT WTC TAA T	3_20_18	571	A	0	571.T0	NA	15.8	Placebo	fecal	NA	NA	NA	15.8	207	0.949707045	9.534011037	7.306558768	NA	2	571.T0
571.T1	GTCAACGCTGTC	CCGGACTACHVGGGTWTCTAAT	Plate1	C10	806rcbc247	GTC AAC GCT GTC CCG GAC TAC HVG GGT WTC TAA T	3_20_18	571	A	1	571.T1	NA	17.9	Placebo	fecal	NA	NA	NA	17.9	275	0.962944893	11.81126257	7.803019612	NA	2	571.T1
571.T2	ACACGCGGTTTA	CCGGACTACHVGGGTWTCTAAT	Plate1	F06	806rcbc161	ACA CGC GGT TTA CCG GAC TAC HVG GGT WTC TAA T	3_15_18	571	A	2	571.T2	NA	18.2	Placebo	fecal	NA	NA	NA	18.2	129	0.953319721	9.423279218	6.683941209	NA	2	571.T2
571.T3	ACGAGACTGATT	CCGGACTACHVGGGTWTCTAAT	Plate2	A02	806rcbc1	ACG AGA CTG ATT CCG GAC TAC HVG GGT WTC TAA T	3_16_18	571	A	3	571.T3	NA	18.4	Placebo	fecal	NA	NA	NA	18.4	258	0.964574881	11.42752568	7.72742858	NA	2	571.T3
571.T4	CAACTCCCGTGA	CCGGACTACHVGGGTWTCTAAT	Plate2	C10	806rcbc33	CAA CTC CCG TGA CCG GAC TAC HVG GGT WTC TAA T	3_16_18	571	A	4	571.T4	NA	18.9	Placebo	fecal	NA	NA	NA	18.9	326	0.961475669	13.13691182	8.027098988	NA	2	571.T4
571.T5	AGAGCCAAGAGC	CCGGACTACHVGGGTWTCTAAT	Plate2	F06	806rcbc263	AGA GCC AAG AGC CCG GAC TAC HVG GGT WTC TAA T		571	A	5	571.T5	NA	19.9	Placebo	fecal	0.036	484.1	14.6	19.9	336	0.955569635	13.52017714	8.019443699	153	2	571.T5
572.T0	TGACTAATGGCC	CCGGACTACHVGGGTWTCTAAT	Plate1	A03	806rcbc216	TGA CTA ATG GCC CCG GAC TAC HVG GGT WTC TAA T	3_20_18	572	B	0	572.T0	NA	15.8	Placebo	fecal	NA	NA	NA	15.8	209	0.927382949	9.229722312	7.147673439	NA	3	572.T0
572.T1	TGAGACCCTACA	CCGGACTACHVGGGTWTCTAAT	Plate1	C11	806rcbc248	TGA GAC CCT ACA CCG GAC TAC HVG GGT WTC TAA T	3_20_18	572	B	1	572.T1	NA	18.7	Placebo	fecal	NA	NA	NA	18.7	291	0.949434032	9.051821577	7.770999201	NA	3	572.T1
572.T2	TGGCAAATCTAG	CCGGACTACHVGGGTWTCTAAT	Plate1	F07	806rcbc162	TGG CAA ATC TAG CCG GAC TAC HVG GGT WTC TAA T	3_15_18	572	B	2	572.T2	NA	18.6	Placebo	fecal	NA	NA	NA	18.6	189	0.952101915	10.68346583	7.200025492	NA	3	572.T2
572.T3	GCTGTACGGATT	CCGGACTACHVGGGTWTCTAAT	Plate2	A03	806rcbc2	GCT GTA CGG ATT CCG GAC TAC HVG GGT WTC TAA T	3_16_18	572	B	3	572.T3	NA	18.9	Placebo	fecal	NA	NA	NA	18.9	139	0.950884181	11.03420371	6.76928845	NA	3	572.T3
572.T4	TTGCGTTAGCAG	CCGGACTACHVGGGTWTCTAAT	Plate2	C11	806rcbc34	TTG CGT TAG CAG CCG GAC TAC HVG GGT WTC TAA T	3_16_18	572	B	4	572.T4	NA	20.5	Placebo	fecal	NA	NA	NA	20.5	180	0.950882598	11.67040068	7.123872738	NA	3	572.T4
572.T5	CTCACCTAGGAA	CCGGACTACHVGGGTWTCTAAT	Plate2	F07	806rcbc66	CTC ACC TAG GAA CCG GAC TAC HVG GGT WTC TAA T	3_17_18	572	B	5	572.T5	NA	20.4	Placebo	fecal	0.236	536.6	13.9	20.4	369	0.965742103	12.23519977	8.23534358	159	3	572.T5
573.T0	CGGGACACCCGA	CCGGACTACHVGGGTWTCTAAT	Plate1	A04	806rcbc217	CGG GAC ACC CGA CCG GAC TAC HVG GGT WTC TAA T	3_20_18	573	B	0	573.T0	NA	16.8	Placebo	fecal	NA	NA	NA	16.8	300	0.926358813	9.977762164	7.622838713	NA	4	573.T0
573.T1	CCATGTGGCTCC	CCGGACTACHVGGGTWTCTAAT	Plate1	C12	806rcbc249	CCA TGT GGC TCC CCG GAC TAC HVG GGT WTC TAA T	3_20_18	573	B	1	573.T1	NA	18.4	Placebo	fecal	NA	NA	NA	18.4	340	0.963102684	11.36831488	8.099106985	NA	4	573.T1
573.T2	CACCTTACCTTA	CCGGACTACHVGGGTWTCTAAT	Plate1	F08	806rcbc163	CAC CTT ACC TTA CCG GAC TAC HVG GGT WTC TAA T	3_15_18	573	B	2	573.T2	NA	18.3	Placebo	fecal	NA	NA	NA	18.3	204	0.95665644	10.48028228	7.339875116	NA	4	573.T2
573.T3	ATCACCAGGTGT	CCGGACTACHVGGGTWTCTAAT	Plate2	A04	806rcbc3	ATC ACC AGG TGT CCG GAC TAC HVG GGT WTC TAA T	3_16_18	573	B	3	573.T3	NA	19.7	Placebo	fecal	NA	NA	NA	19.7	265	0.947056552	13.66576974	7.62366181	NA	4	573.T3
573.T4	TACGAGCCCTAA	CCGGACTACHVGGGTWTCTAAT	Plate2	C12	806rcbc35	TAC GAG CCC TAA CCG GAC TAC HVG GGT WTC TAA T	3_16_18	573	B	4	573.T4	NA	20.6	Placebo	fecal	NA	NA	NA	20.6	183	0.956852525	12.11947066	7.191416371	NA	4	573.T4
573.T5	GTGTTGTCGTGC	CCGGACTACHVGGGTWTCTAAT	Plate2	F08	806rcbc67	GTG TTG TCG TGC CCG GAC TAC HVG GGT WTC TAA T	3_17_18	573	B	5	573.T5	NA	20.4	Placebo	fecal	0.654	373.3	18.6	20.4	220	0.947442274	11.14989563	7.372389144	164	4	573.T5
574.T0	CTGTCTATACTA	CCGGACTACHVGGGTWTCTAAT	Plate1	A05	806rcbc218	CTG TCT ATA CTA CCG GAC TAC HVG GGT WTC TAA T	3_20_18	574	C	0	574.T0	NA	16.9	Placebo	fecal	NA	NA	NA	16.9	274	0.940292132	9.579756207	7.614515854	NA	5	574.T0
574.T1	ATTACGTATCAT	CCGGACTACHVGGGTWTCTAAT	Plate1	D01	806rcbc250	ATT ACG TAT CAT CCG GAC TAC HVG GGT WTC TAA T	3_20_18	574	C	1	574.T1	NA	19.1	Placebo	fecal	NA	NA	NA	19.1	220	0.947522055	11.13556183	7.373009945	NA	5	574.T1
574.T2	TTAACCTTCCTG	CCGGACTACHVGGGTWTCTAAT	Plate1	F09	806rcbc164	TTA ACC TTC CTG CCG GAC TAC HVG GGT WTC TAA T	3_15_18	574	C	2	574.T2	NA	19.6	Placebo	fecal	NA	NA	NA	19.6	214	0.949859799	10.35726343	7.353308272	NA	5	574.T2
574.T3	TGGTCAACGATA	CCGGACTACHVGGGTWTCTAAT	Plate2	A05	806rcbc4	TGG TCA ACG ATA CCG GAC TAC HVG GGT WTC TAA T	3_16_18	574	C	3	574.T3	NA	20.1	Placebo	fecal	NA	NA	NA	20.1	218	0.944582692	11.91967661	7.337692463	NA	5	574.T3
574.T4	CACTACGCTAGA	CCGGACTACHVGGGTWTCTAAT	Plate2	D01	806rcbc36	CAC TAC GCT AGA CCG GAC TAC HVG GGT WTC TAA T	3_16_18	574	C	4	574.T4	NA	20.8	Placebo	fecal	NA	NA	NA	20.8	228	0.958064924	14.37292144	7.504417176	NA	5	574.T4
574.T5	CCACAGATCGAT	CCGGACTACHVGGGTWTCTAAT	Plate2	F09	806rcbc68	CCA CAG ATC GAT CCG GAC TAC HVG GGT WTC TAA T	3_17_18	574	C	5	574.T5	NA	21.8	Placebo	fecal	0.662	384.3	22.5	21.8	341	0.954423262	11.90109706	8.030162212	161	5	574.T5
575.T0	TATGCCAGAGAT	CCGGACTACHVGGGTWTCTAAT	Plate1	A06	806rcbc219	TAT GCC AGA GAT CCG GAC TAC HVG GGT WTC TAA T	3_20_18	575	C	0	575.T0	NA	17.5	Placebo	fecal	NA	NA	NA	17.5	262	0.95941181	11.77546368	7.707360904	NA	6	575.T0
575.T1	CACGCAGTCTAC	CCGGACTACHVGGGTWTCTAAT	Plate1	D02	806rcbc251	CAC GCA GTC TAC CCG GAC TAC HVG GGT WTC TAA T	3_20_18	575	C	1	575.T1	NA	18.2	Placebo	fecal	NA	NA	NA	18.2	279	0.942343344	13.36626127	7.655711647	NA	6	575.T1
575.T2	TGCCGTATGCCA	CCGGACTACHVGGGTWTCTAAT	Plate1	F10	806rcbc165	TGC CGT ATG CCA CCG GAC TAC HVG GGT WTC TAA T	3_15_18	575	C	2	575.T2	NA	18.8	Placebo	fecal	NA	NA	NA	18.8	202	0.959880274	11.14785073	7.350966139	NA	6	575.T2
575.T3	ATCGCACAGTAA	CCGGACTACHVGGGTWTCTAAT	Plate2	A06	806rcbc5	ATC GCA CAG TAA CCG GAC TAC HVG GGT WTC TAA T	3_16_18	575	C	3	575.T3	NA	19.2	Placebo	fecal	NA	NA	NA	19.2	254	0.952570417	11.95973601	7.6097847	NA	6	575.T3
575.T4	TGCAGTCCTCGA	CCGGACTACHVGGGTWTCTAAT	Plate2	D02	806rcbc37	TGC AGT CCT CGA CCG GAC TAC HVG GGT WTC TAA T	3_16_18	575	C	4	575.T4	NA	19.8	Placebo	fecal	NA	NA	NA	19.8	173	0.957882368	11.39745712	7.12149929	NA	6	575.T4
575.T5	TATCGACACAAG	CCGGACTACHVGGGTWTCTAAT	Plate2	F10	806rcbc69	TAT CGA CAC AAG CCG GAC TAC HVG GGT WTC TAA T	3_17_18	575	C	5	575.T5	NA	20	Placebo	fecal	0.084	435.2	10.8	20	284	0.956961587	11.81845896	7.798994933	139	6	575.T5
576.T0	CGTTTGGAATGA	CCGGACTACHVGGGTWTCTAAT	Plate1	A07	806rcbc220	CGT TTG GAA TGA CCG GAC TAC HVG GGT WTC TAA T	3_20_18	576	D	0	576.T0	NA	17.2	Placebo	fecal	NA	NA	NA	17.2	234	0.918429339	10.53675857	7.228373867	NA	7	576.T0
576.T1	TGTGCACGCCAT	CCGGACTACHVGGGTWTCTAAT	Plate1	D03	806rcbc252	TGT GCA CGC CAT CCG GAC TAC HVG GGT WTC TAA T	3_20_18	576	D	1	576.T1	NA	18.5	Placebo	fecal	NA	NA	NA	18.5	194	0.962060221	9.763205761	7.311573827	NA	7	576.T1
576.T2	CGTGACAATAGT	CCGGACTACHVGGGTWTCTAAT	Plate1	F11	806rcbc166	CGT GAC AAT AGT CCG GAC TAC HVG GGT WTC TAA T	3_15_18	576	D	2	576.T2	NA	17.9	Placebo	fecal	NA	NA	NA	17.9	260	0.949158178	11.03088071	7.61449602	NA	7	576.T2
576.T3	GTCGTGTAGCCT	CCGGACTACHVGGGTWTCTAAT	Plate2	A07	806rcbc6	GTC GTG TAG CCT CCG GAC TAC HVG GGT WTC TAA T	3_16_18	576	D	3	576.T3	NA	18.2	Placebo	fecal	NA	NA	NA	18.2	230	0.951621187	10.63930258	7.465934555	NA	7	576.T3
576.T4	ACCATAGCTCCG	CCGGACTACHVGGGTWTCTAAT	Plate2	D03	806rcbc38	ACC ATA GCT CCG CCG GAC TAC HVG GGT WTC TAA T	3_16_18	576	D	4	576.T4	NA	18.6	Placebo	fecal	NA	NA	NA	18.6	236	0.957983625	11.93630926	7.55144296	NA	7	576.T4
576.T5	GATTCCGGCTCA	CCGGACTACHVGGGTWTCTAAT	Plate2	F11	806rcbc70	GAT TCC GGC TCA CCG GAC TAC HVG GGT WTC TAA T	3_17_18	576	D	5	576.T5	NA	18.8	Placebo	fecal	0.087	775.4	12.8	18.8	296	0.960248598	10.82254483	7.883116081	119	7	576.T5
577.T0	AAGAACTCATGA	CCGGACTACHVGGGTWTCTAAT	Plate1	A08	806rcbc221	AAG AAC TCA TGA CCG GAC TAC HVG GGT WTC TAA T	3_20_18	577	D	0	577.T0	NA	18.2	Placebo	fecal	NA	NA	NA	18.2	271	0.922305724	11.3817723	7.454212324	NA	8	577.T0
577.T1	CCGGACAAGAAG	CCGGACTACHVGGGTWTCTAAT	Plate1	D04	806rcbc253	CCG GAC AAG AAG CCG GAC TAC HVG GGT WTC TAA T	3_20_18	577	D	1	577.T1	NA	20	Placebo	fecal	NA	NA	NA	20	274	0.92102545	9.83586913	7.458493644	NA	8	577.T1
577.T2	CGCTACAACTCG	CCGGACTACHVGGGTWTCTAAT	Plate1	F12	806rcbc167	CGC TAC AAC TCG CCG GAC TAC HVG GGT WTC TAA T	3_15_18	577	D	2	577.T2	NA	19.2	Placebo	fecal	NA	NA	NA	19.2	165	0.944217358	8.398510715	6.9554093	NA	8	577.T2
577.T3	AGCGGAGGTTAG	CCGGACTACHVGGGTWTCTAAT	Plate2	A08	806rcbc7	AGC GGA GGT TAG CCG GAC TAC HVG GGT WTC TAA T	3_16_18	577	D	3	577.T3	NA	19.5	Placebo	fecal	NA	NA	NA	19.5	215	0.956288451	9.21945073	7.409507334	NA	8	577.T3
577.T4	TCGACATCTCTT	CCGGACTACHVGGGTWTCTAAT	Plate2	D04	806rcbc39	TCG ACA TCT CTT CCG GAC TAC HVG GGT WTC TAA T	3_16_18	577	D	4	577.T4	NA	20.1	Placebo	fecal	NA	NA	NA	20.1	159	0.959084918	9.049278857	7.013675753	NA	8	577.T4
577.T5	CGTAATTGCCGC	CCGGACTACHVGGGTWTCTAAT	Plate2	F12	806rcbc71	CGT AAT TGC CGC CCG GAC TAC HVG GGT WTC TAA T	3_17_18	577	D	5	577.T5	NA	20.8	Placebo	fecal	0.219	227.3	16	20.8	319	0.958753943	10.83987137	7.974352139	151	8	577.T5
578.T0	TGATATCGTCTT	CCGGACTACHVGGGTWTCTAAT	Plate1	A09	806rcbc222	TGA TAT CGT CTT CCG GAC TAC HVG GGT WTC TAA T	3_20_18	578	E	0	578.T0	NA	15.2	Letrozole	fecal	NA	NA	NA	15.2	312	0.958190902	11.65552231	7.938997028	NA	9	578.T0
578.T1	TTGCTGGACGCT	CCGGACTACHVGGGTWTCTAAT	Plate1	D05	806rcbc254	TTG CTG GAC GCT CCG GAC TAC HVG GGT WTC TAA T	3_20_18	578	E	1	578.T1	NA	18.5	Letrozole	fecal	NA	NA	NA	18.5	178	0.95180423	9.63274007	7.115434701	NA	9	578.T1
578.T2	TTAAGACAGTCG	CCGGACTACHVGGGTWTCTAAT	Plate1	G01	806rcbc168	TTA AGA CAG TCG CCG GAC TAC HVG GGT WTC TAA T	3_15_18	578	E	2	578.T2	NA	21.9	Letrozole	fecal	NA	NA	NA	21.9	198	0.951497452	11.60556033	7.259313386	NA	9	578.T2
578.T3	CGCGCCTTAAAC	CCGGACTACHVGGGTWTCTAAT	Plate2	A09	806rcbc196	CGC GCC TTA AAC CCG GAC TAC HVG GGT WTC TAA T	3_19_20	578	E	3	578.T3	NA	24.1	Letrozole	fecal	NA	NA	NA	24.1	337	0.965425002	13.71929386	8.106292187	NA	9	578.T3
578.T4	GAACACTTTGGA	CCGGACTACHVGGGTWTCTAAT	Plate2	D05	806rcbc40	GAA CAC TTT GGA CCG GAC TAC HVG GGT WTC TAA T	3_16_18	578	E	4	578.T4	NA	25.1	Letrozole	fecal	NA	NA	NA	25.1	293	0.95300792	13.39380651	7.809668186	NA	9	578.T4
578.T5	GGTGACTAGTTC	CCGGACTACHVGGGTWTCTAAT	Plate2	G01	806rcbc72	GGT GAC TAG TTC CCG GAC TAC HVG GGT WTC TAA T	3_17_18	578	E	5	578.T5	NA	24.1	Letrozole	fecal	1.508	N/A	89.5	24.1	262	0.950759352	11.35796969	7.637852051	NA	9	578.T5
580.T0	CGGTGACCTACT	CCGGACTACHVGGGTWTCTAAT	Plate1	A10	806rcbc223	CGG TGA CCT ACT CCG GAC TAC HVG GGT WTC TAA T	3_20_18	580	F	0	580.T0	NA	16.5	Letrozole	fecal	NA	NA	NA	16.5	187	0.887672832	8.696519485	6.699173176	NA	10	580.T0
580.T1	TACTAACGCGGT	CCGGACTACHVGGGTWTCTAAT	Plate1	D06	806rcbc255	TAC TAA CGC GGT CCG GAC TAC HVG GGT WTC TAA T	3_20_18	580	F	1	580.T1	NA	18.8	Letrozole	fecal	NA	NA	NA	18.8	269	0.957299028	9.538648296	7.726803071	NA	10	580.T1
580.T2	TCTGCACTGAGC	CCGGACTACHVGGGTWTCTAAT	Plate1	G02	806rcbc169	TCT GCA CTG AGC CCG GAC TAC HVG GGT WTC TAA T	3_15_18	580	F	2	580.T2	NA	21.1	Letrozole	fecal	NA	NA	NA	21.1	173	0.944113861	10.33536798	7.019135562	NA	10	580.T2
580.T3	TACAGCGCATAC	CCGGACTACHVGGGTWTCTAAT	Plate2	A10	806rcbc9	TAC AGC GCA TAC CCG GAC TAC HVG GGT WTC TAA T	3_16_18	580	F	3	580.T3	NA	24.1	Letrozole	fecal	NA	NA	NA	24.1	247	0.961198367	8.858065241	7.639957599	NA	10	580.T3
580.T4	GAGCCATCTGTA	CCGGACTACHVGGGTWTCTAAT	Plate2	D06	806rcbc41	GAG CCA TCT GTA CCG GAC TAC HVG GGT WTC TAA T	3_16_18	580	F	4	580.T4	NA	25.1	Letrozole	fecal	NA	NA	NA	25.1	247	0.961198367	8.858065241	7.639957599	NA	10	580.T4
580.T5	ATGGGTTCCGTC	CCGGACTACHVGGGTWTCTAAT	Plate2	G02	806rcbc73	ATG GGT TCC GTC CCG GAC TAC HVG GGT WTC TAA T	3_17_18	580	F	5	580.T5	NA	24.6	Letrozole	fecal	3.329	773.1	80.1	24.6	328	0.958662882	11.18048457	8.012074888	189	10	580.T5
581.T0	AATGCGCGTATA	CCGGACTACHVGGGTWTCTAAT	Plate1	A11	806rcbc224	AAT GCG CGT ATA CCG GAC TAC HVG GGT WTC TAA T	3_20_18	581	F	0	581.T0	NA	15.9	Letrozole	fecal	NA	NA	NA	15.9	281	0.962058008	11.66355231	7.825789978	NA	11	581.T0
581.T1	GCGATCACACCT	CCGGACTACHVGGGTWTCTAAT	Plate1	D07	806rcbc256	GCG ATC ACA CCT CCG GAC TAC HVG GGT WTC TAA T	3_20_18	581	F	1	581.T1	NA	18.6	Letrozole	fecal	NA	NA	NA	18.6	127	0.958851134	9.822469465	6.701108239	NA	11	581.T1
581.T2	CCTAACGGTCCA	CCGGACTACHVGGGTWTCTAAT	Plate1	G03	806rcbc195	CCT AAC GGT CCA CCG GAC TAC HVG GGT WTC TAA T	3_19_20	581	F	2	581.T2	NA	22.4	Letrozole	fecal	NA	NA	NA	22.4	133	0.928527795	9.564013369	6.551025846	NA	11	581.T2
581.T3	ACCGGTATGTAC	CCGGACTACHVGGGTWTCTAAT	Plate2	A11	806rcbc10	ACC GGT ATG TAC CCG GAC TAC HVG GGT WTC TAA T	3_16_18	581	F	3	581.T3	NA	24.7	Letrozole	fecal	NA	NA	NA	24.7	184	0.961254863	11.09803755	7.232060519	NA	11	581.T3
581.T4	TTGGGTACACGT	CCGGACTACHVGGGTWTCTAAT	Plate2	D07	806rcbc42	TTG GGT ACA CGT CCG GAC TAC HVG GGT WTC TAA T	3_16_18	581	F	4	581.T4	NA	25.5	Letrozole	fecal	NA	NA	NA	25.5	151	0.954672927	9.821063045	6.910309037	NA	11	581.T4
581.T5	TAGGCATGCTTG	CCGGACTACHVGGGTWTCTAAT	Plate2	G03	806rcbc74	TAG GCA TGC TTG CCG GAC TAC HVG GGT WTC TAA T	3_17_18	581	F	5	581.T5	NA	25.4	Letrozole	fecal	2.711	1390.4	37.1	25.4	257	0.962316151	11.38379752	7.703941802	166	11	581.T5
582.T0	CTTGATTCTTGA	CCGGACTACHVGGGTWTCTAAT	Plate1	A12	806rcbc225	CTT GAT TCT TGA CCG GAC TAC HVG GGT WTC TAA T	3_20_18	582	G	0	582.T0	NA	16.1	Letrozole	fecal	NA	NA	NA	16.1	294	0.944159155	11.96934395	7.741795713	NA	12	582.T0
582.T1	CAAACGCACTAA	CCGGACTACHVGGGTWTCTAAT	Plate1	D08	806rcbc257	CAA ACG CAC TAA CCG GAC TAC HVG GGT WTC TAA T	3_20_18	582	G	1	582.T1	NA	17.8	Letrozole	fecal	NA	NA	NA	17.8	313	0.946996342	12.00305076	7.850617527	NA	12	582.T1
582.T2	TGGGTCCCACAT	CCGGACTACHVGGGTWTCTAAT	Plate1	G04	806rcbc171	TGG GTC CCA CAT CCG GAC TAC HVG GGT WTC TAA T	3_15_18	582	G	2	582.T2	NA	20.5	Letrozole	fecal	NA	NA	NA	20.5	197	0.938595477	11.90282776	7.154023366	NA	12	582.T2
582.T3	AATTGTGTCGGA	CCGGACTACHVGGGTWTCTAAT	Plate2	A12	806rcbc11	AAT TGT GTC GGA CCG GAC TAC HVG GGT WTC TAA T	3_16_18	582	G	3	582.T3	NA	23.1	Letrozole	fecal	NA	NA	NA	23.1	233	0.957713969	12.64963966	7.531640923	NA	12	582.T3
582.T4	AAGGCGCTCCTT	CCGGACTACHVGGGTWTCTAAT	Plate2	D08	806rcbc43	AAG GCG CTC CTT CCG GAC TAC HVG GGT WTC TAA T	3_17_18	582	G	4	582.T4	NA	24.9	Letrozole	fecal	NA	NA	NA	24.9	263	0.957885745	13.39830522	7.700365907	NA	12	582.T4
582.T5	AACTAGTTCAGG	CCGGACTACHVGGGTWTCTAAT	Plate2	G04	806rcbc75	AAC TAG TTC AGG CCG GAC TAC HVG GGT WTC TAA T	3_17_18	582	G	5	582.T5	NA	23.9	Letrozole	fecal	3.932	847.6	91.1	23.9	271	0.95673952	13.50053563	7.732511391	180	12	582.T5
583.T0	GAAATCTTGAAG	CCGGACTACHVGGGTWTCTAAT	Plate1	B01	806rcbc226	GAA ATC TTG AAG CCG GAC TAC HVG GGT WTC TAA T	3_20_18	583	G	0	583.T0	NA	16.5	Letrozole	fecal	NA	NA	NA	16.5	225	0.929543468	9.265008831	7.263249264	NA	13	583.T0
583.T1	GAAGAGGGTTGA	CCGGACTACHVGGGTWTCTAAT	Plate1	D09	806rcbc258	GAA GAG GGT TGA CCG GAC TAC HVG GGT WTC TAA T	3_20_18	583	G	1	583.T1	NA	18.1	Letrozole	fecal	NA	NA	NA	18.1	286	0.950187367	10.49111404	7.753406661	NA	13	583.T1
583.T2	CACTGGTGCATA	CCGGACTACHVGGGTWTCTAAT	Plate1	G05	806rcbc172	CAC TGG TGC ATA CCG GAC TAC HVG GGT WTC TAA T	3_15_18	583	G	2	583.T2	NA	22	Letrozole	fecal	NA	NA	NA	22	200	0.956005616	10.34282237	7.307569445	NA	13	583.T2
583.T3	TGCATACACTGG	CCGGACTACHVGGGTWTCTAAT	Plate2	B01	806rcbc12	TGC ATA CAC TGG CCG GAC TAC HVG GGT WTC TAA T	3_16_18	583	G	3	583.T3	NA	24.8	Letrozole	fecal	NA	NA	NA	24.8	210	0.946451615	12.76324123	7.301160129	NA	13	583.T3
583.T4	TAATACGGATCG	CCGGACTACHVGGGTWTCTAAT	Plate2	D09	806rcbc44	TAA TAC GGA TCG CCG GAC TAC HVG GGT WTC TAA T	3_17_18	583	G	4	583.T4	NA	26.7	Letrozole	fecal	NA	NA	NA	26.7	271	0.95387096	13.41994277	7.709327263	NA	13	583.T4
583.T5	ATTCTGCCGAAG	CCGGACTACHVGGGTWTCTAAT	Plate2	G05	806rcbc76	ATT CTG CCG AAG CCG GAC TAC HVG GGT WTC TAA T	3_17_18	583	G	5	583.T5	NA	27.7	Letrozole	fecal	3.113	1436.9	194.7	27.7	240	0.943512303	10.91005098	7.460248559	190	13	583.T5
584.T0	GAGATACAGTTC	CCGGACTACHVGGGTWTCTAAT	Plate1	B02	806rcbc227	GAG ATA CAG TTC CCG GAC TAC HVG GGT WTC TAA T	3_20_18	584	H	0	584.T0	NA	17.2	Letrozole	fecal	NA	NA	NA	17.2	208	0.920083508	9.05061328	7.085047591	NA	14	584.T0
584.T1	TGAGTGGTCTGT	CCGGACTACHVGGGTWTCTAAT	Plate1	D10	806rcbc259	TGA GTG GTC TGT CCG GAC TAC HVG GGT WTC TAA T	3_20_18	584	H	1	584.T1	NA	19.9	Letrozole	fecal	NA	NA	NA	19.9	270	0.920999357	11.61223396	7.438741973	NA	14	584.T1
584.T2	AACGTAGGCTCT	CCGGACTACHVGGGTWTCTAAT	Plate1	G06	806rcbc173	AAC GTA GGC TCT CCG GAC TAC HVG GGT WTC TAA T	3_15_18	584	H	2	584.T2	NA	23.2	Letrozole	fecal	NA	NA	NA	23.2	179	0.948785247	11.10662317	7.100534003	NA	14	584.T2
584.T3	AGTCGAACGAGG	CCGGACTACHVGGGTWTCTAAT	Plate2	B02	806rcbc13	AGT CGA ACG AGG CCG GAC TAC HVG GGT WTC TAA T	3_16_18	584	H	3	584.T3	NA	27.2	Letrozole	fecal	NA	NA	NA	27.2	318	0.959519918	8.293748927	7.976376768	NA	14	584.T3
584.T4	TCGGAATTAGAC	CCGGACTACHVGGGTWTCTAAT	Plate2	D10	806rcbc45	TCG GAA TTA GAC CCG GAC TAC HVG GGT WTC TAA T	3_17_18	584	H	4	584.T4	NA	31.1	Letrozole	fecal	NA	NA	NA	31.1	171	0.939723652	9.324190149	6.970731452	NA	14	584.T4
584.T5	AGCATGTCCCGT	CCGGACTACHVGGGTWTCTAAT	Plate2	G06	806rcbc77	AGC ATG TCC CGT CCG GAC TAC HVG GGT WTC TAA T	3_17_18	584	H	5	584.T5	NA	30.8	Letrozole	fecal	3.555	2161.4	114.7	30.8	316	0.958669928	9.656340008	7.960584888	195	14	584.T5
585.T0	ACGTATTCGAAG	CCGGACTACHVGGGTWTCTAAT	Plate1	B03	806rcbc228	ACG TAT TCG AAG CCG GAC TAC HVG GGT WTC TAA T	3_20_18	585	H	0	585.T0	NA	17	Letrozole	fecal	NA	NA	NA	17	224	0.948163637	11.1628991	7.402650039	NA	15	585.T0
585.T1	GCATAGCATCAA	CCGGACTACHVGGGTWTCTAAT	Plate1	D11	806rcbc142	GCA TAG CAT CAA CCG GAC TAC HVG GGT WTC TAA T	3_15_18	585	H	1	585.T1	NA	18.2	Letrozole	fecal	NA	NA	NA	18.2	227	0.961911028	11.32469123	7.5284433	NA	15	585.T1
585.T2	AGTTGTAGTCCG	CCGGACTACHVGGGTWTCTAAT	Plate1	G07	806rcbc174	AGT TGT AGT CCG CCG GAC TAC HVG GGT WTC TAA T	3_15_18	585	H	2	585.T2	NA	22.3	Letrozole	fecal	NA	NA	NA	22.3	125	0.95660035	10.46029025	6.663471682	NA	15	585.T2
585.T3	ACCAGTGACTCA	CCGGACTACHVGGGTWTCTAAT	Plate2	B03	806rcbc14	ACC AGT GAC TCA CCG GAC TAC HVG GGT WTC TAA T	3_16_18	585	H	3	585.T3	NA	24.4	Letrozole	fecal	NA	NA	NA	24.4	197	0.957517398	12.389246	7.298247224	NA	15	585.T3
585.T4	TGTGAATTCGGA	CCGGACTACHVGGGTWTCTAAT	Plate2	D11	806rcbc46	TGT GAA TTC GGA CCG GAC TAC HVG GGT WTC TAA T	3_17_18	585	H	4	585.T4	NA	25.9	Letrozole	fecal	NA	NA	NA	25.9	158	0.948072811	10.70425445	6.924515942	NA	15	585.T4
585.T5	GTACGATATGAC	CCGGACTACHVGGGTWTCTAAT	Plate2	G07	806rcbc78	GTA CGA TAT GAC CCG GAC TAC HVG GGT WTC TAA T	3_17_18	585	H	5	585.T5	NA	25.2	Letrozole	fecal	4.092	1368.1	96	25.2	224	0.900654033	9.951646577	7.031725701	191	15	585.T5
586.T0	ACCTTACACCTT	CCGGACTACHVGGGTWTCTAAT	Plate1	B04	806rcbc229	ACC TTA CAC CTT CCG GAC TAC HVG GGT WTC TAA T	3_20_18	586	I	0	586.T0	NA	17.3	Letrozole	fecal	NA	NA	NA	17.3	235	0.90916091	9.114478424	7.161021312	NA	16	586.T0
586.T1	GTGTTAGATGTG	CCGGACTACHVGGGTWTCTAAT	Plate1	D12	806rcbc143	GTG TTA GAT GTG CCG GAC TAC HVG GGT WTC TAA T	3_15_18	586	I	1	586.T1	NA	19	Letrozole	fecal	NA	NA	NA	19	193	0.948026519	11.16366509	7.197850613	NA	16	586.T1
586.T2	TCGTCAAACCCG	CCGGACTACHVGGGTWTCTAAT	Plate1	G08	806rcbc175	TCG TCA AAC CCG CCG GAC TAC HVG GGT WTC TAA T	3_15_18	586	I	2	586.T2	NA	23	Letrozole	fecal	NA	NA	NA	23	110	0.943319358	8.75528832	6.39698789	NA	16	586.T2
586.T3	GAATACCAAGTC	CCGGACTACHVGGGTWTCTAAT	Plate2	B04	806rcbc15	GAA TAC CAA GTC CCG GAC TAC HVG GGT WTC TAA T	3_16_18	586	I	3	586.T3	NA	25.8	Letrozole	fecal	NA	NA	NA	25.8	140	0.948862006	10.64151918	6.764705788	NA	16	586.T3
586.T4	CATTCGTGGCGT	CCGGACTACHVGGGTWTCTAAT	Plate2	D12	806rcbc47	CAT TCG TGG CGT CCG GAC TAC HVG GGT WTC TAA T	3_17_18	586	I	4	586.T4	NA	23.4	Letrozole	fecal	NA	NA	NA	23.4	300	0.952863106	14.11506808	7.840937737	NA	16	586.T4
586.T5	GTGGTGGTTTCC	CCGGACTACHVGGGTWTCTAAT	Plate2	G08	806rcbc79	GTG GTG GTT TCC CCG GAC TAC HVG GGT WTC TAA T	3_17_18	586	I	5	586.T5	NA	25.2	Letrozole	fecal	0.734	1010.2	27.4	25.2	249	0.947672085	11.60510602	7.543471626	191	16	586.T5
